channel_id,channel_title,category,seed_keyword,discovered_at_utc
UCjixEGwV57no2ifw_2WHwhQ,昊昊空间,study_abroad,留学 申请,2026-02-28T21:16:17.429986+00:00
UCStxtWvGkVughraqZitRtfg,Zoey in 🇳🇿,study_abroad,留学 申请,2026-02-28T21:16:17.429986+00:00
UCR2kLeNKOIahALWnFOv23yw, 德国学长学姐团 Deutschlands Kommilitonen,study_abroad,留学 申请,2026-02-28T21:16:17.429986+00:00
UCB6UTEKfI_djUna47AuItWQ,阿信學長日本留學,study_abroad,留学 申请,2026-02-28T21:16:17.429986+00:00
UCNwPlH0WsnHPDDwzp_Yx66g,小马弗兰克,study_abroad,留学 申请,2026-02-28T21:16:17.429986+00:00
UClUkqKsBM2voJNuT3uUu0gw,凯文凯乐说教育,study_abroad,留学 申请,2026-02-28T21:16:17.429986+00:00
UCPvGxthovBRnHW04dZ9rrRg,小北的生活指北,study_abroad,留学 申请,2026-02-28T21:16:17.429986+00:00
UCaOSF27hb9ixBrE9j2GDQ7Q,Notric,study_abroad,留学 申请,2026-02-28T21:16:17.429986+00:00
UC5xLV_gJAP9psKcyrJ3ZIcw,WhynotTV,study_abroad,留学 申请,2026-02-28T21:16:17.429986+00:00
UCF_9s3xKI8EoicQsrv9CRRA,JerryIELTSspeaking雅思口语,study_abroad,留学 申请,2026-02-28T21:16:17.429986+00:00
UC4tk7w1r8HB86uRsVOHPAMg,Wild Yogi Sarina萨野,study_abroad,留学 申请,2026-02-28T21:16:17.429986+00:00
UC-u8NRwtCMsE51fHvCwLxlA,和Yifan聊科研,study_abroad,留学 申请,2026-02-28T21:16:17.429986+00:00
UCjqULHbqrSPumLX9GtejZ8g,一只小李的记事本 Suzy&Lee 's Memo.,study_abroad,留学 申请,2026-02-28T21:16:17.429986+00:00
UCUXG4JIKWp6lKMLIv0_LwJA,海那一边 | FAR FAR AWAY,study_abroad,留学 申请,2026-02-28T21:16:17.429986+00:00
UCAxQ8sjHgjXh26la7jEBw3w,Mike是麥克,study_abroad,留学 申请,2026-02-28T21:16:17.429986+00:00
UCRmyGLhfzf47Udutk5mCz9A,Irina学姐,study_abroad,留学 申请,2026-02-28T21:16:17.429986+00:00
UCHogVpvlZ1f-_gk53QtFNLQ,黄老师讲留学,study_abroad,留学 申请,2026-02-28T21:16:17.429986+00:00
UCqq-zE25g5KTuXpX_j4LlGQ,JESS_ XXX,study_abroad,留学 申请,2026-02-28T21:16:17.429986+00:00
UCoBy7HeYekMU4HMm7hEHJ3g,羊村长,study_abroad,留学 申请,2026-02-28T21:16:17.429986+00:00
UCoQ2yLuQbpE6sd1E-5aE6tA,陈永仁,study_abroad,留学 申请,2026-02-28T21:16:17.429986+00:00
UCVkpqvwDMVphYhZUvQdtLvA,這是西卡 Jessica,study_abroad,留学 申请,2026-02-28T21:16:17.429986+00:00
UCgNLIhQ-2RBG3DF145292pQ,Enlighteens 引青教育,study_abroad,留学 申请,2026-02-28T21:16:17.429986+00:00
UCjfhzH8BC1qS5iVkxcz8Ilw,Kristen's Secret,study_abroad,留学 申请,2026-02-28T21:16:17.429986+00:00
UC65L_lr-YglRl94XFlLdplg,Penny Tang,study_abroad,留学 申请,2026-02-28T21:16:17.429986+00:00
UCujPbTsyzj_O-Np4XKswE8w,ello cheeks,study_abroad,留学 申请,2026-02-28T21:16:17.429986+00:00
UC3WGRfi4YCBrA9rC9WEl6tA,芥末留学,study_abroad,留学 申请,2026-02-28T21:16:17.429986+00:00
UCbAb4AkuZOY3OdgEB4IvRGg,为成年 HighSchool. my,study_abroad,留学 申请,2026-02-28T21:16:17.429986+00:00
UCmKtmPpUxShT_BnxuZ1FJ_w,Sally interview,study_abroad,留学 申请,2026-02-28T21:16:17.429986+00:00
UC2tw_wf-ImG6uNuNucR7m3Q,河马赴美,study_abroad,留学 申请,2026-02-28T21:16:17.429986+00:00
UC8z32mCetb9wyfdK-gGSzxQ,NEO学长在新加坡,study_abroad,留学 申请,2026-02-28T21:16:17.429986+00:00
UCrefAb-uq5jtTx2C9f6Qkzg,Mark Ma,study_abroad,留学 申请,2026-02-28T21:16:17.429986+00:00
UCR1do0CGxXn_omXErjBhNjg,TallTalk涛声（FuturePlusOne）,study_abroad,留学 申请,2026-02-28T21:16:17.429986+00:00
UCvuRCzO1ng-_5qASxt7G_eg,Yang 爱尔兰留学,study_abroad,留学 申请,2026-02-28T21:16:17.429986+00:00
UC2sMlA9cJEIlh4nxeZ4Pdng,DecisionMade移民频道,study_abroad,留学 申请,2026-02-28T21:16:17.429986+00:00
UC9LSB_kheNrgtQvt7Y9CRKw,洋哥在德国 Yang's World,study_abroad,留学 申请,2026-02-28T21:16:17.429986+00:00
UCzHytQ4ujlLd8GVke8pEl4Q,Mushroom在加拿大的分享,study_abroad,留学 申请,2026-02-28T21:16:17.429986+00:00
UC_s1QdEyxqzFFH2G9RHjfTg,海叔在路上,study_abroad,留学 申请,2026-02-28T21:16:17.429986+00:00
UCWIjH9_kdpKZNM3amX-2Xgg,Nicole Lee ʕ •ᴥ•ʔ,study_abroad,留学 申请,2026-02-28T21:16:17.429986+00:00
UCHH_oM5u8K0Az_h9lfmEjqg,纽约顾老师,study_abroad,留学 申请,2026-02-28T21:16:17.429986+00:00
UC1ZxhpbMYM-Y3-h21Z24VEw,陈航说留美,study_abroad,留学 申请,2026-02-28T21:16:17.429986+00:00
UCj-4WnjxJ2VW4DP0uZiawrg,Ivy墨尔本,study_abroad,留学 申请,2026-02-28T21:16:17.429986+00:00
UCpQjT0lpQxTV7tNXee65LqQ,TangTalk—您的美国数字居民专家,study_abroad,留学 申请,2026-02-28T21:16:17.429986+00:00
UC6vAUFW16NqLDfI2vCQ3rKw,留学问多点,study_abroad,留学 申请,2026-02-28T21:16:17.429986+00:00
UCZxPvqQuh7rT4yInWlnlppA,上有天堂下有姜尚,study_abroad,留学 申请,2026-02-28T21:16:17.429986+00:00
UCHm5CAIxb79Y_MTlRP9ntvQ,蓝蚁咨询,study_abroad,留学 申请,2026-02-28T21:16:17.429986+00:00
UC9ZdhW1MaXQdquJLVvD_ACA,家住美国,study_abroad,留学 申请,2026-02-28T21:16:17.429986+00:00
UCkutAOZBr7dzcJBi5wfT_cQ,龚老师Grace在新加坡,study_abroad,留学 申请,2026-02-28T21:16:17.429986+00:00
UChx9wI0xb2l90aKziUvmAvQ,Crystal小葵,study_abroad,留学 申请,2026-02-28T21:16:17.429986+00:00
UCAUFNRuhGX4l9jFkMBX_p0A,环球移民法律事务所,study_abroad,留学 申请,2026-02-28T21:16:17.429986+00:00
UCO1IBg1MVd1DTXoGrp57nLw,GummyFit,study_abroad,留学 申请,2026-02-28T21:16:17.429986+00:00
UCJjQC75hvHEEEYkJcS4HrXw,Jc洁慈,study_abroad,留学 申请,2026-02-28T21:16:17.429986+00:00
UCwFDRxYJQzqoyjwSe8-gyCQ,盖比Gaby,study_abroad,留学 申请,2026-02-28T21:16:17.429986+00:00
UCerH5oS53YuiOsu0NDhNm1w,大熊猫的文书馆,study_abroad,留学 申请,2026-02-28T21:16:17.429986+00:00
UCdHjReHYXrQ2nvWrqn_8jQw,小V学姐在加拿大,study_abroad,留学 申请,2026-02-28T21:16:17.429986+00:00
UC7-2xDgo0tfrElrmxRvOaAw,julie wang,study_abroad,留学 申请,2026-02-28T21:16:17.429986+00:00
UC13dA6JsgCgZ7RwAkXKLrzA,王梁的硬核留学干货,study_abroad,留学 申请,2026-02-28T21:16:17.429986+00:00
UCXrsymaGxtlwJ_SC54fYktA,耀坤说留学,study_abroad,留学 申请,2026-02-28T21:16:17.429986+00:00
UCR9I5TEYBeabOG07_eZU_Ug,Yu Haoran,study_abroad,留学 申请,2026-02-28T21:16:17.429986+00:00
UCTJFp7HaJXR3ZGuljpBv-NA,留学兵法,study_abroad,留学 申请,2026-02-28T21:16:17.429986+00:00
UC2zftWUwWmD_i85WzzUUOMQ,云蔓赚钱研究院,study_abroad,留学 申请,2026-02-28T21:16:17.429986+00:00
UC56hnrGvbnChZ6Vc_QRfEAw,V言片语V生活,study_abroad,留学 申请,2026-02-28T21:16:17.429986+00:00
UCFt7UvdMwbqlURtHyoY7FPQ,奥弗尔教育咨询,study_abroad,留学 申请,2026-02-28T21:16:17.429986+00:00
UCo2XPsc78u5_I6yK5l52TNg,续航教育(Forward Pathway LLC)留学中介 美国名校申请权威规划,study_abroad,留学 申请,2026-02-28T21:16:17.429986+00:00
UCuIGphXIiiDDIPCB4rKGQ2A,Jason Knows,study_abroad,留学 申请,2026-02-28T21:16:17.429986+00:00
UC8yI85YCEs4tTP7Pj-W5m7w,大热门硅谷,study_abroad,留学 申请,2026-02-28T21:16:17.429986+00:00
UCsPojK_nhNyIThf_I9ztnBg,沫沫茶茶冰,study_abroad,留学 申请,2026-02-28T21:16:17.429986+00:00
UCXxoV53RAmmk4HU1L5iCjRw,Viral Kini,study_abroad,留学 申请,2026-02-28T21:16:17.429986+00:00
UCUbKYuCGh71sbBRz_HqRDKA,埼玉老师话日本,study_abroad,留学 申请,2026-02-28T21:16:17.429986+00:00
UClpEEa6QUTENzmJhvj1mCtw,优途加拿大 UTOCANADA,study_abroad,留学 申请,2026-02-28T21:16:17.429986+00:00
UCTiGEu9YJ_XtGr7Vjm41p5Q,《美国升学直通车》文美集团-洛杉矶华人网,study_abroad,留学 申请,2026-02-28T21:16:17.429986+00:00
UCM6cPTJbpMqsnqMy6lrAiKg,武博在英伦,study_abroad,留学 申请,2026-02-28T21:16:17.429986+00:00
UCFpsQfRiFmQmWEnfFWG-q4Q,跟着Marc学法语,study_abroad,留学 申请,2026-02-28T21:16:17.429986+00:00
UCB_6hg9LiAws_n5m9sETT8g,Thea and Gabi,study_abroad,留学 申请,2026-02-28T21:16:17.429986+00:00
UCaIqNzFaivZ_qMaleX_e97g,子聪学长说 Mr Ong Talk,study_abroad,留学 申请,2026-02-28T21:16:17.429986+00:00
UCpz-G12ZrBBMExbmHVcuCqg,九牛问津,study_abroad,留学 申请,2026-02-28T21:16:17.429986+00:00
UC6F_7QNiqEuIoEww626yFaw,美国村長,study_abroad,留学 申请,2026-02-28T21:16:17.429986+00:00
UCFjqAKR9UVS28ucTNuVTexA,ElenaLin_青青,study_abroad,雅思 备考,2026-02-28T21:16:17.429986+00:00
UCAXYUIlnzX62PppZ6BvOA1w,MrYang楊家成,study_abroad,雅思 备考,2026-02-28T21:16:17.429986+00:00
UCHAxhBuE-MP8aEHMAh_xQdw,枫言枫语,study_abroad,雅思 备考,2026-02-28T21:16:17.429986+00:00
UCgNkrYuqkwGo_SRLl-zymJQ,火哥on the road,study_abroad,雅思 备考,2026-02-28T21:16:17.429986+00:00
UC4dVyhSF2S02rqPEmc90Rug,Aro是龚敏呀,study_abroad,雅思 备考,2026-02-28T21:16:17.429986+00:00
UCOQEc5cZiK6BS4L839p-BNQ,SelinaW,study_abroad,雅思 备考,2026-02-28T21:16:17.429986+00:00
UCzpHH1P6W3BN0ZzesDeNJMQ,Tiaa 姐姐,study_abroad,雅思 备考,2026-02-28T21:16:17.429986+00:00
UCUz71ymRyv_hdn1Aya067Nw,雅思IELTS,study_abroad,雅思 备考,2026-02-28T21:16:17.429986+00:00
UCf1jld8ZMcdZ5hwahEFIXFA,晨风Digest,study_abroad,雅思 备考,2026-02-28T21:16:17.429986+00:00
UCb5CLIe2eKtSC5Eq7XmgZoQ,Sherry Li,study_abroad,雅思 备考,2026-02-28T21:16:17.429986+00:00
UCEyNuZZ7EidLpVLi3cTNsxQ,庫雷Nick,study_abroad,雅思 备考,2026-02-28T21:16:17.429986+00:00
UCyEvsE1fb-Lbf1qRv04tW6Q,Sherry Lu,study_abroad,雅思 备考,2026-02-28T21:16:17.429986+00:00
UCTlpJmTZL7w2PSxzST7e6GQ,周医生的科研馆,study_abroad,雅思 备考,2026-02-28T21:16:17.429986+00:00
UCw2PykXljMFS6CJTldSzBXw,瑞緹Areti,study_abroad,雅思 备考,2026-02-28T21:16:17.429986+00:00
UCeo3JwE3HezUWFdVcehQk9Q,阿滴,study_abroad,雅思 备考,2026-02-28T21:16:17.429986+00:00
UCfQznx3qxJShV_XX2zxO8Ew,鹿茸,study_abroad,雅思 备考,2026-02-28T21:16:17.429986+00:00
UCSVNC-RI6CwubjqEeoTQEOw,蔚茵 WeiYin,study_abroad,雅思 备考,2026-02-28T21:16:17.429986+00:00
UCzeMbdqDO6yS4fEVJ1LXiVg,31 LazyChill ,study_abroad,雅思 备考,2026-02-28T21:16:17.429986+00:00
UCAnQLOgT1_Lhe4jidK-h8Hg,AmazingTalker - 1 對 1 線上家教平台,study_abroad,雅思 备考,2026-02-28T21:16:17.429986+00:00
UCNSL7Vt0ejSh_6tvzMF0zQA,老胡讲英语,study_abroad,雅思 备考,2026-02-28T21:16:17.429986+00:00
UC4ySrofHziwleM2ocWOwZFA,Crystal小课堂,study_abroad,雅思 备考,2026-02-28T21:16:17.429986+00:00
UCOGk7wgE-xXPMgyw0S7STBA,54黃蓉,study_abroad,雅思 备考,2026-02-28T21:16:17.429986+00:00
UC7gY-dw-fbsi3CGdleKBtCA,Yahua,study_abroad,雅思 备考,2026-02-28T21:16:17.429986+00:00
UCd0uq2vl8S1fJ4B3EeYcuQg,美加文教,study_abroad,雅思 备考,2026-02-28T21:16:17.429986+00:00
UCBcGlKUvmBmUmToqsYeJA-g,K.I.S.S IELTS with Lynn,study_abroad,雅思 备考,2026-02-28T21:16:17.429986+00:00
UC3jEkpF3O2Gv9fU_x8aDDxw,K姐不务正业,study_abroad,雅思 备考,2026-02-28T21:16:17.429986+00:00
UCM3kZS-kLaSqfJnfY8UBCag,Laurence雅思老师&加拿大移民顾问,study_abroad,雅思 备考,2026-02-28T21:16:17.429986+00:00
UCQrTzrwv-IQqZJGm4OPhGhw,加拿大俩哥特,study_abroad,雅思 备考,2026-02-28T21:16:17.429986+00:00
UCZXhQ2OKti2rDAVyZJ9mk4A,Clark - 加村生活 Life in the Great White North,study_abroad,雅思 备考,2026-02-28T21:16:17.429986+00:00
UCGM0PVi54wQyQQkFfSAzH9A,Shifu Frank,study_abroad,雅思 备考,2026-02-28T21:16:17.429986+00:00
UC6AQ_9ixKCbZOZ_mcqp7tTg,Jack Ma,study_abroad,雅思 备考,2026-02-28T21:16:17.429986+00:00
UCyk9QKiZTYampLDbliPOXWw,晓惠_Max,study_abroad,雅思 备考,2026-02-28T21:16:17.429986+00:00
UCXuoFLeobzFlo-3eZcq19Zg,加国普通人Jay,study_abroad,雅思 备考,2026-02-28T21:16:17.429986+00:00
UCS9KUwRRwq0isJZZ5yW4D1Q,Running_布莱恩,study_abroad,雅思 备考,2026-02-28T21:16:17.429986+00:00
UC9hckzUJ030yda2Wi2COXmQ,芙小只Flora,study_abroad,雅思 备考,2026-02-28T21:16:17.429986+00:00
UCF4sAUiPGw_MUrqFunmPOlw,Liiizy,study_abroad,雅思 备考,2026-02-28T21:16:17.429986+00:00
UC_5G0OgShCZA3VkDRubljqg,亦丰老师讲留学(晚上8点直播),study_abroad,雅思 备考,2026-02-28T21:16:17.429986+00:00
UCY8yjQHwvHb-FyPpE9jQLNQ,idp,study_abroad,雅思 备考,2026-02-28T21:16:17.429986+00:00
UComF94K6r8RNZnBHO-ZHFyw,Sun老师教雅思,study_abroad,雅思 备考,2026-02-28T21:16:17.429986+00:00
UC3zRMGXbdoITULxhmWknN3Q,我是戴倫,study_abroad,雅思 备考,2026-02-28T21:16:17.429986+00:00
UCOlRgRTo3Wm5FUM4R4KWODg,脱发秘籍搬运工,study_abroad,雅思 备考,2026-02-28T21:16:17.429986+00:00
UCLA_6BCELPj7jzofPSeu6Lg,Hancy's Lifelong Learning,study_abroad,雅思 备考,2026-02-28T21:16:17.429986+00:00
UCK3XGMT5J51CFCZVBOKO1kQ,迅达英语PTE雅思培训机构,study_abroad,雅思 备考,2026-02-28T21:16:17.429986+00:00
UC4yTO8r8wJubEvV5OQkJaCw,小火柴说英语,study_abroad,雅思 备考,2026-02-28T21:16:17.429986+00:00
UCfJxJwoayio4u0AfiZCsWRA,领语教育,study_abroad,雅思 备考,2026-02-28T21:16:17.429986+00:00
UC2gGj0YNl04Gly86zunXYDw,艾尔文英语课堂 Alvin's English Classroom,study_abroad,雅思 备考,2026-02-28T21:16:17.429986+00:00
UCdJmmhEo3lhtY47boL4aK7g,Hayley在温尼伯,study_abroad,雅思 备考,2026-02-28T21:16:17.429986+00:00
UC7rJuWp7FS_1apChKmKD4Mg,MaggieTao’s English,study_abroad,雅思 备考,2026-02-28T21:16:17.429986+00:00
UCCG1nxUmZwIauqTwN32KRug,小锦鲤是李🍊,study_abroad,雅思 备考,2026-02-28T21:16:17.429986+00:00
UCZYzYQf9C4gMJwlL3CDiIrA,白話福音,study_abroad,雅思 备考,2026-02-28T21:16:17.429986+00:00
UCcdsrFVldz4-l5OfBKCXfFQ,舒宜师姐,study_abroad,雅思 备考,2026-02-28T21:16:17.429986+00:00
UC8PwDzunhC2DFZ_d4hUJ9HA,雅培英语IP ENGLISH线上课堂,study_abroad,雅思 备考,2026-02-28T21:16:17.429986+00:00
UCaJvyfS0Et8ZSa5N-hU3eSQ,兔趴趴_ToolPapa,study_abroad,雅思 备考,2026-02-28T21:16:17.429986+00:00
UCvFDn4qX3NKGvXMGkleGhdA,Roxanne_33,study_abroad,雅思 备考,2026-02-28T21:16:17.429986+00:00
UCAa1MVHUab479orCEtNgb0A,kelvin,study_abroad,雅思 备考,2026-02-28T21:16:17.429986+00:00
UCePUghEZDbyRrUvFrN2YyXg,Jiaying的雅思教室,study_abroad,雅思 备考,2026-02-28T21:16:17.429986+00:00
UCUBlZIkVimSw4BqRCnCli3g,雅思COACHFionaaa练拳版,study_abroad,雅思 备考,2026-02-28T21:16:17.429986+00:00
UCbCY35UbEFqOHiS5kwzGm6g,珍在加拿大,study_abroad,雅思 备考,2026-02-28T21:16:17.429986+00:00
UCG-MeHtm_OgNryLsLVFJEPA,Su_ll,study_abroad,雅思 备考,2026-02-28T21:16:17.429986+00:00
UC3oPLSUxraFFbHu3GumlyWg,FanfaniShare学英语,study_abroad,雅思 备考,2026-02-28T21:16:17.429986+00:00
UCcAnVKRJTbF85jMpAPdcybA,Learnwithjohn,study_abroad,雅思 备考,2026-02-28T21:16:17.429986+00:00
UCqvea4QYkg6_c92OnMhK9Ng,CELPIP MASTER,study_abroad,雅思 备考,2026-02-28T21:16:17.429986+00:00
UC73zw2UEl_c3AqHf1YphayQ,一起雅思,study_abroad,雅思 备考,2026-02-28T21:16:17.429986+00:00
UCdyX6f6qxx34SueVS8evCrw,AliaLiu IELTS,study_abroad,雅思 备考,2026-02-28T21:16:17.429986+00:00
UCXGzcZA1ECGBEgipsv1RCaA,LY 雅思学堂,study_abroad,雅思 备考,2026-02-28T21:16:17.429986+00:00
UCAa-hSkNauR9XcOGpRYi1PA,胶囊助学计划,study_abroad,雅思 备考,2026-02-28T21:16:17.429986+00:00
UC27JIItlLoEtRRHf-dIKRxg,熊出沒注意 Ashley Hsiung,study_abroad,雅思 备考,2026-02-28T21:16:17.429986+00:00
UCZ_YUJOBT_w8tYrXsTz7rXA,微信:essay666com,study_abroad,雅思 备考,2026-02-28T21:16:17.429986+00:00
UC3IVMiBqZqZn6MJSWsE-H_A,念念英文NNEnglish,study_abroad,雅思 备考,2026-02-28T21:16:17.429986+00:00
UCafooo4TDX_iihYLOlaz-og,Vic和卯卯,study_abroad,雅思 备考,2026-02-28T21:16:17.429986+00:00
UCPLYRTMSJYiUmhK1OQCCzhw,Rita Seow,study_abroad,雅思 备考,2026-02-28T21:16:17.429986+00:00
UCuphOA-RstyjoQbnvkFYYeg,Xiaoshu LUO,study_abroad,雅思 备考,2026-02-28T21:16:17.429986+00:00
UCN1yFKj4FmIw8BofkujMRxQ,千千子ovo,study_abroad,雅思 备考,2026-02-28T21:16:17.429986+00:00
UCi6kbBNPjb7F-6LcHqUdTiA,数字指南针,immigration,移民 攻略,2026-02-28T21:16:17.429986+00:00
UCQlsPZL9hFasMEX7ywG_sfQ,Stan的聊政事兒頻道,immigration,移民 攻略,2026-02-28T21:16:17.429986+00:00
UCSX99Rvq5dszj6rzAPkdglA,56BelowTV 零下56,immigration,移民 攻略,2026-02-28T21:16:17.429986+00:00
UCzYYzigb1vXR0GQXXBja2kg,多伦多方脸,immigration,移民 攻略,2026-02-28T21:16:17.429986+00:00
UCMtA1T8163SKGgwUGSxTZUg,愛迪生玩遊戲,immigration,移民 攻略,2026-02-28T21:16:17.429986+00:00
UCNwPlH0WsnHPDDwzp_Yx66g,小马弗兰克,immigration,移民 攻略,2026-02-28T21:16:17.429986+00:00
UCJAPsTtcJJWGk8e-_CJL8TQ,一个狠人,immigration,移民 攻略,2026-02-28T21:16:17.429986+00:00
UC2EblFj7QGFrJHV_8_gbyMg,大老王真知·王吉舟高清频道丨LaoWang Talk Channel,immigration,移民 攻略,2026-02-28T21:16:17.429986+00:00
UC-cHcQu42aCsqMs0h3jU0pg,Yoshi Yoshi,immigration,移民 攻略,2026-02-28T21:16:17.429986+00:00
UCDbJRAOE_YzSIsM80FCE8xg,美国王探长,immigration,移民 攻略,2026-02-28T21:16:17.429986+00:00
UCd7EsIlBsvo4WcsP0U2C1_w,龙看美国,immigration,移民 攻略,2026-02-28T21:16:17.429986+00:00
UCzNLG52-_QcQf5uOY5xyRPA,澳洲奔跑留学移民,immigration,移民 攻略,2026-02-28T21:16:17.429986+00:00
UCFDMMIHbtRdrVhHlGXVzApA,老周横眉,immigration,移民 攻略,2026-02-28T21:16:17.429986+00:00
UCmogHZa_nyo8u-31FR9w07g,M叔聊移民,immigration,移民 攻略,2026-02-28T21:16:17.429986+00:00
UCYEIFg3JDfNMCUe_KdLUiKA,移民哪个国家好,immigration,移民 攻略,2026-02-28T21:16:17.429986+00:00
UCAwU1-9kzd1RpH8Bx874y5g,阿文抵加 Awen in Ca 🇨🇦,immigration,移民 攻略,2026-02-28T21:16:17.429986+00:00
UCnFQNkpuGWuJMu70cdC8cYA,Angela in NZ,immigration,移民 攻略,2026-02-28T21:16:17.429986+00:00
UCh3aAasP-fnA74ZPl9so6fA,猫本咖啡豆,immigration,移民 攻略,2026-02-28T21:16:17.429986+00:00
UCX3CDYQ9dS2BdBW__0NFt0w,michelle澳新移民通,immigration,移民 攻略,2026-02-28T21:16:17.429986+00:00
UCN1-Crzx6tmeF60PS7Xf9tg,Mia Wang,immigration,绿卡 申请,2026-02-28T21:16:17.429986+00:00
UC-ayKOXvIcatt5VocwTrU9Q,How视频,immigration,绿卡 申请,2026-02-28T21:16:17.429986+00:00
UCX-FmhN9I1IsOyyhH91erVA,🔥野火教育,immigration,绿卡 申请,2026-02-28T21:16:17.429986+00:00
UCViJovHFa0t7Dz5Pl-Sg9yA,华人一站通,immigration,绿卡 申请,2026-02-28T21:16:17.429986+00:00
UClcaY_xyf2xG-GrNZEI-SKg,上岸说,immigration,绿卡 申请,2026-02-28T21:16:17.429986+00:00
UColYRXnGCRoHYCE-1ilrVTw,Marry in USA ,immigration,绿卡 申请,2026-02-28T21:16:17.429986+00:00
UCFDHJANDaxx8nFwixnQp6-g,Warmuth Law 華明勝律師事務所,immigration,绿卡 申请,2026-02-28T21:16:17.429986+00:00
UCUh1LPG-zc8ofdugdSoXthg,外滩移民,immigration,绿卡 申请,2026-02-28T21:16:17.429986+00:00
UCO2qBII1NjLVp5H7RJFL-cQ,Mr. Bear 熊先生,immigration,绿卡 申请,2026-02-28T21:16:17.429986+00:00
UCVF6gjJKlXJ8vilqiCGUIdA,孟小洁律师 Meng Law Group,immigration,绿卡 申请,2026-02-28T21:16:17.429986+00:00
UCAUFNRuhGX4l9jFkMBX_p0A,环球移民法律事务所,immigration,绿卡 申请,2026-02-28T21:16:17.429986+00:00
UC1y5xhsGt4H7el5XT4Ovyiw,美加移民,immigration,绿卡 申请,2026-02-28T21:16:17.429986+00:00
UCsGyIiOOxKA5og-kkfCsJWg,Max移民指南,immigration,绿卡 申请,2026-02-28T21:16:17.429986+00:00
UCNZucoAyJvujYq8pBPVHEIA,侨梁出国创始人Ivan&Joanna,immigration,绿卡 申请,2026-02-28T21:16:17.429986+00:00
UCTWGShWvuouYKnUHGDQR5GA,New Weiming Law新未名美国移民,immigration,绿卡 申请,2026-02-28T21:16:17.429986+00:00
UCQZkEA4kHOgZh6Py8YjtO2w,移民的真相,immigration,绿卡 申请,2026-02-28T21:16:17.429986+00:00
UC6q1Zrbd1SRDz9FXpP_xUXg,北美华人视界,immigration,绿卡 申请,2026-02-28T21:16:17.429986+00:00
UCXyK_zHyPFkf0YRb7mxyuzg,Carrie Peng 言信移民律师事务所,immigration,绿卡 申请,2026-02-28T21:16:17.429986+00:00
UC3g-0OQ67iaFIs1iqd-LHSw,雲山藍,immigration,绿卡 申请,2026-02-28T21:16:17.429986+00:00
UCrV83IIggEf66XnAHsTtLaQ,美国公民入籍考试学习中心【马老师】,immigration,绿卡 申请,2026-02-28T21:16:17.429986+00:00
UCYVCKMp_5mPGpWexu_LON2Q,美国移民生活,immigration,绿卡 申请,2026-02-28T21:16:17.429986+00:00
UCjgFy-k3YYsH0SvxpUeJsHg,曾琦律师-Newland Law Firm,immigration,绿卡 申请,2026-02-28T21:16:17.429986+00:00
UC7Cd0lafYHxoDF7o3tJCHlg,寰美出国,immigration,绿卡 申请,2026-02-28T21:16:17.429986+00:00
UCVgJ8iHcv1HQELtBBg52d9A,舒寒律师事务所,immigration,绿卡 申请,2026-02-28T21:16:17.429986+00:00
UCVlCtnWjQ2K_hg-rTgFavLw,美国宝藏姐Sister TV,immigration,绿卡 申请,2026-02-28T21:16:17.429986+00:00
UCtQ-RTzLYLhmlz3nvaiaDpw,博亚移民,immigration,绿卡 申请,2026-02-28T21:16:17.429986+00:00
UC4LxZo5Tq_zRKCvD-BD7XIg,StyleInBeta,immigration,绿卡 申请,2026-02-28T21:16:17.429986+00:00
UCu5Owl3tCmjYCtd_TBZSc2g,移民文案Andy,immigration,绿卡 申请,2026-02-28T21:16:17.429986+00:00
UCTTKHnQxYPyVBdwG9F-MvRw,"Ying Xiang, Esq. 项滢 美国移民律师",immigration,绿卡 申请,2026-02-28T21:16:17.429986+00:00
UCDk6asxFuM-xPere94mOAng,EB-5女司机LilyGuoNYC,immigration,绿卡 申请,2026-02-28T21:16:17.429986+00:00
UCm2wHOnC2e_E0fKbQwamuWg,尔湾LEO,immigration,绿卡 申请,2026-02-28T21:16:17.429986+00:00
UChAIG-0U_i4bLJKo942VrqQ,Demidchik Law Firm,immigration,绿卡 申请,2026-02-28T21:16:17.429986+00:00
UCGR7Nye7vbvzGSb5FdlKsbQ,博士屯Monica学姐,immigration,绿卡 申请,2026-02-28T21:16:17.429986+00:00
UCS1JbmEiX3X1b90n66BavrA,Asylum in America,immigration,绿卡 申请,2026-02-28T21:16:17.429986+00:00
UC7KHP7TfkWj1nXVMN-PA3Lw,臻鑫说出国,immigration,绿卡 申请,2026-02-28T21:16:17.429986+00:00
UC_bxdvCXb-TYPFLkzV0Oj8g,Springdale Law Group,immigration,绿卡 申请,2026-02-28T21:16:17.429986+00:00
UCRo28VUZVAnVX73LzOT7oQA,李想律师事务所中文频道 | Law Offices of Sabrina Li,immigration,绿卡 申请,2026-02-28T21:16:17.429986+00:00
UCjaCGx4hUO76BAo72WvzEIQ,Rico身份规划,immigration,绿卡 申请,2026-02-28T21:16:17.429986+00:00
UC4mES16vPMVAmT43lrwDTBg,"黄笑生律师 Xiaosheng Huang, Esq.",immigration,绿卡 申请,2026-02-28T21:16:17.429986+00:00
UCjq7GBByaQs-pd__Vtln3Hw,樾总的美绿,immigration,绿卡 申请,2026-02-28T21:16:17.429986+00:00
UCxvc2WcIXhFZ_-_9Hm7b_Aw,"Tsang & Associates, PLC",immigration,绿卡 申请,2026-02-28T21:16:17.429986+00:00
UC8VtFV4c5uNyePxcrPoOwMQ,持之以恒,immigration,绿卡 申请,2026-02-28T21:16:17.429986+00:00
UClP87i5mfCGAXxDZUGyYGXA,美国庇护消息,immigration,绿卡 申请,2026-02-28T21:16:17.429986+00:00
UCcpFG4TtPtJdGNO5-otj1Fg,Gina fang,immigration,绿卡 申请,2026-02-28T21:16:17.429986+00:00
UCXxoV53RAmmk4HU1L5iCjRw,Viral Kini,overseas_life,海外生活,2026-02-28T21:16:17.429986+00:00
UCAf-5KcNI0YzKy5xd6wAZHQ,凯莉姐姐,overseas_life,海外生活,2026-02-28T21:16:17.429986+00:00
UCSX99Rvq5dszj6rzAPkdglA,56BelowTV 零下56,overseas_life,海外生活,2026-02-28T21:16:17.429986+00:00
UC6TSU211L4-O7WNX8XaC8sw,茉莉生活指南,overseas_life,海外生活,2026-02-28T21:16:17.429986+00:00
UCShBd7dtD2H5Ue83jJTo1DA,澳洲Henry,overseas_life,海外生活,2026-02-28T21:16:17.429986+00:00
UC6kd9OYrcGlzVL_1tp0OVFg,小袁的旅行日用品,overseas_life,海外生活,2026-02-28T21:16:17.429986+00:00
UC1tvtfy-9VYuRXD0Pj2czJg,Haru Chan🇯🇵,overseas_life,海外生活,2026-02-28T21:16:17.429986+00:00
UC4aKH_8oksq3HKgBZB8y2iw,陈涛,overseas_life,海外生活,2026-02-28T21:16:17.429986+00:00
UCIxE_ImizRE_l-dJfhsut6A,北美生活资讯,overseas_life,海外生活,2026-02-28T21:16:17.429986+00:00
UCPIoOJLJaKdtWI983GsapxA,美商挖挖Wow,overseas_life,海外生活,2026-02-28T21:16:17.429986+00:00
UC8ZWJIogv9bxpDrRZR8qQ4w,American Dream,overseas_life,海外生活,2026-02-28T21:16:17.429986+00:00
UC-e2EM_d5I6RAsS-DFtNbGw,與人說,overseas_life,海外生活,2026-02-28T21:16:17.429986+00:00
UCf5JlHWcvJOPrXTCN6lTnPw,lubecca,overseas_life,海外生活,2026-02-28T21:16:17.429986+00:00
UCMKut5CTdX9O6bhiNQsFPmA,SwissNara LifeStory スイス暮らしの6人家族,overseas_life,海外生活,2026-02-28T21:16:17.429986+00:00
UCPZNfYifzNu3lQw3q__OH6Q,ジュンとクリス / JUN and KRIS,overseas_life,海外生活,2026-02-28T21:16:17.429986+00:00
UCIj465gDg-0RCb8IJFKFGzw,Ms Recipes,overseas_life,海外生活,2026-02-28T21:16:17.429986+00:00
UCY2XftOa1ZaqjyO4d6fu39A,海外知新,overseas_life,海外生活,2026-02-28T21:16:17.429986+00:00
UCvFhmHoFy3I_v3KdVU01GFw,yoyo在日本,overseas_life,海外生活,2026-02-28T21:16:17.429986+00:00
UCXXaflAP1XuKF8wI7ZKQMEQ,Daisy戀愛學,overseas_life,海外生活,2026-02-28T21:16:17.429986+00:00
UCZh1NCLKnt3s1bY50NRFDaw,trois kaijyuu,overseas_life,海外生活,2026-02-28T21:16:17.429986+00:00
UCHLuXYn2_yHAIGUp3CF-65A,艾睿老爸在美国,overseas_life,海外生活,2026-02-28T21:16:17.429986+00:00
UCCdhfQI6ELN8ELlEcT4TrrA,LaLa in USA,overseas_life,海外生活,2026-02-28T21:16:17.429986+00:00
UCeT-yneoWfLhUFnuGk9QOaQ,MR Deal,overseas_life,海外生活,2026-02-28T21:16:17.429986+00:00
UCSE7JoR2i_VDrbzybpGu6ZA,Leah's English 莉雅老师,overseas_life,海外生活,2026-02-28T21:16:17.429986+00:00
UCPmbIdXZzLDHNR0PejH0iEQ,Sean的世界 TV,overseas_life,海外生活,2026-02-28T21:16:17.429986+00:00
UCn4UOcHWNBSg0QpKJspxczw,海外ストーリー,overseas_life,海外生活,2026-02-28T21:16:17.429986+00:00
UCIuY5MuPLZzyTJkCHJ4oF1A,Sukachannel,overseas_life,海外生活,2026-02-28T21:16:17.429986+00:00
UCScB8Y8bM4gNmrMdst3Y1ng,PIE桃在法国,overseas_life,海外生活,2026-02-28T21:16:17.429986+00:00
UCUqLjh_T1RAd4WxgdPVVXzA,Amane Taniguchi ,overseas_life,海外生活,2026-02-28T21:16:17.429986+00:00
UCqxqw30yoHX_757KkRxbejw,zuki vlog,overseas_life,海外生活,2026-02-28T21:16:17.429986+00:00
UCELbeMo1PG9sED_8TsHyccA,ルームメイトはCUTEなアメリカ人,overseas_life,海外生活,2026-02-28T21:16:17.429986+00:00
UCdpDb8QN1iHuNRqZmS0FeRA,大阪左左,overseas_life,海外生活,2026-02-28T21:16:17.429986+00:00
UCrEVFdpXqBMkAayJ6k2mSYw,愛無界國際婚戀YouTube官方頻道,overseas_life,海外生活,2026-02-28T21:16:17.429986+00:00
UCL19-LS8v0bXQd2eOV7HMiw,lbrham,overseas_life,海外生活,2026-02-28T21:16:17.429986+00:00
UCsZMq8uycFCPK4SmVKEwl-Q,新加坡达哥,overseas_life,海外生活,2026-02-28T21:16:17.429986+00:00
UCGSiJhwFGQmk31qjcK_rJzA,ZiaoEr,overseas_life,海外生活,2026-02-28T21:16:17.429986+00:00
UCuVtabcdewD80hiProp7nNA,女博士GiGi,overseas_life,海外生活,2026-02-28T21:16:17.429986+00:00
UCAXy1ipiZ3FW2SGfrP83PxQ,瑪茲一 Matsui,overseas_life,海外生活,2026-02-28T21:16:17.429986+00:00
UCw5Cdjwwpi4qoyV4wBbwiCw,小张和达妮娅,overseas_life,海外生活,2026-02-28T21:16:17.429986+00:00
UCOE0bsVEqNZZhjPuIPHFVug,Roy和他的朋友们,overseas_life,海外生活,2026-02-28T21:16:17.429986+00:00
UCicx-fp3Hyety7nTMwApl5g,塞浦路斯大慢慢,overseas_life,海外生活,2026-02-28T21:16:17.429986+00:00
UCfGoZ954hWsRXdfp7EHDEcA,人字拖游记,overseas_life,海外生活,2026-02-28T21:16:17.429986+00:00
UCZDeuKy2Nf9o44i7SHYSY0g,阿木,overseas_life,海外生活,2026-02-28T21:16:17.429986+00:00
UC7mNl-s0pkNq-5AlJYJU2sA,たびびとMe,overseas_life,海外生活,2026-02-28T21:16:17.429986+00:00
UC6_fvJAud3qoanMqxxJuL7A,赵青草在挪威,overseas_life,海外生活,2026-02-28T21:16:17.429986+00:00
UCfW57R6RQzSXqmvmuMk0-5w,阿木,overseas_life,海外生活,2026-02-28T21:16:17.429986+00:00
UCh9ASvgmsqAK70ego48SpsQ,沉醉的小五狼,overseas_life,文化差异,2026-02-28T21:16:17.429986+00:00
UCrerK8YWX5ttvi5BMK8l68w,開根號 FTL,overseas_life,文化差异,2026-02-28T21:16:17.429986+00:00
UCNYF4_5SA_AtZQIzuAmZ-ow,夫人绘说画,overseas_life,文化差异,2026-02-28T21:16:17.429986+00:00
UC0KFHjN2RWTN5tUutY8eF3g,MAKO老师,overseas_life,文化差异,2026-02-28T21:16:17.429986+00:00
UC_HW6aVLpyvPIhc7w8YA8Ag,Kevin in Shanghai,overseas_life,文化差异,2026-02-28T21:16:17.429986+00:00
UCoKjTG0cdC1SJmE74cSohPQ,点石成金的法师,overseas_life,文化差异,2026-02-28T21:16:17.429986+00:00
UC7rWWzigALzjzKGg6z2rkaA,肥仔东走进越南,overseas_life,文化差异,2026-02-28T21:16:17.429986+00:00
UCMFu_xWgFiqDXaJkWsfCqgw,恒洋大佬-OFFICIAL,overseas_life,文化差异,2026-02-28T21:16:17.429986+00:00
UCXdzmfiWOlrfkU4XFkKu-AA,醺然Yoyo,overseas_life,文化差异,2026-02-28T21:16:17.429986+00:00
UC8OPzYp9d4sZBk6ElacXnKw,一刻Talks,overseas_life,文化差异,2026-02-28T21:16:17.429986+00:00
UCvb_SetU_7B3nhw66coVKEg,gozaru TV【台日夫妻】,overseas_life,文化差异,2026-02-28T21:16:17.429986+00:00
UCfpRvYBWj1jwjXrKhs3abPg,栗鼠 Life@台灣,overseas_life,文化差异,2026-02-28T21:16:17.429986+00:00
UCscs4dTzLs7d6hz7BE8CIYQ,墻外音,overseas_life,文化差异,2026-02-28T21:16:17.429986+00:00
UCTNtWLABlpICtqE_BSkHtHg,小艾同学🔆Abby,overseas_life,文化差异,2026-02-28T21:16:17.429986+00:00
UCETfu038u78m_aOzpZ8EIcQ,徒步的騎手,overseas_life,文化差异,2026-02-28T21:16:17.429986+00:00
UChZ6KqBtsyPoN2bSmmTPEww,Jason Yi Liu,overseas_life,文化差异,2026-02-28T21:16:17.429986+00:00
UCXRVQLTdWu-uk_N55z_8VKw,可可在广州,overseas_life,文化差异,2026-02-28T21:16:17.429986+00:00
UCa5oulemRwjN3zEVHWPJuUg,克雷兒 Claire,overseas_life,文化差异,2026-02-28T21:16:17.429986+00:00
UChUXTWeczAHq_N9oEwavCkw,影娛天天樂,overseas_life,文化差异,2026-02-28T21:16:17.429986+00:00
UCzPBIeFzacjTITlJKaN5dUg,Lynn在美国,overseas_life,文化差异,2026-02-28T21:16:17.429986+00:00
UCJZzM8QTjY5nyNVA0YTJ2Dw,老国移民观VIC,overseas_life,文化差异,2026-02-28T21:16:17.429986+00:00
UCy_No4t3Y1qozkpB7W4bNoA,大德德YUDÉ,overseas_life,文化差异,2026-02-28T21:16:17.429986+00:00
UCDMgL1RkJoTAqAWgFBmOp8A,三弟进步中,overseas_life,文化差异,2026-02-28T21:16:17.429986+00:00
UCf0Ive6dEJzDqRKflPV4MNw,BLUE 哺路,overseas_life,文化差异,2026-02-28T21:16:17.429986+00:00
UComjVFAa_NcNs66WrfBjTig,亚马侃球,overseas_life,文化差异,2026-02-28T21:16:17.429986+00:00
UCha1uK1_aR8hfiJr3EkEChA,我是Mana,overseas_life,文化差异,2026-02-28T21:16:17.429986+00:00
UC157y5xTjVwZQixhcv2O5rg,右边聋,overseas_life,文化差异,2026-02-28T21:16:17.429986+00:00
UCBN-t3Rsuj_Fk0nNPFo6TmA,德远资讯,overseas_life,文化差异,2026-02-28T21:16:17.429986+00:00
UCiLnm0ywIjBbYugmfFa_NYA,Banned History禁书之声,overseas_life,文化差异,2026-02-28T21:16:17.429986+00:00
UCHfywFf_bQKVB7T77OAQNzQ,TC and Siwei,overseas_life,文化差异,2026-02-28T21:16:17.429986+00:00
UC3-gauzJgcqlroT3A77wUuA,大老王智慧坊 | 一切都是拿幸 Nothing,overseas_life,文化差异,2026-02-28T21:16:17.429986+00:00
UCYHX_C1NjhmI4hRuWnmfPgQ,曾老讲国学,overseas_life,文化差异,2026-02-28T21:16:17.429986+00:00
UCKgBDXlIEUSNpTEJTfcuMnA,智雅欧尼,overseas_life,文化差异,2026-02-28T21:16:17.429986+00:00
UC5Ls8qiqO4scWXSOSUlbhGw,爱吃辣椒的鱼,overseas_life,文化差异,2026-02-28T21:16:17.429986+00:00
UCpGQZCfhbllRxRG3n3EehGg,大纽约地区中文教师学会,overseas_life,文化差异,2026-02-28T21:16:17.429986+00:00
UC799qmvVplAGm6MFjg7G-zQ,园梦娱乐,overseas_life,文化差异,2026-02-28T21:16:17.429986+00:00
UCXmm8NmCMgtba3I6Vv-vkWg,在东京的四川人,overseas_life,文化差异,2026-02-28T21:16:17.429986+00:00
UC6RkWV0Ximp_6DH5SxDaUdw,HELLO ELIE,overseas_life,文化差异,2026-02-28T21:16:17.429986+00:00
UCyDK4bWP33Q4Z8yT-PChx8A,猪妞在台湾,overseas_life,文化差异,2026-02-28T21:16:17.429986+00:00
UC530dt6Xh91ETi1uz5OuLgg,王王,overseas_life,文化差异,2026-02-28T21:16:17.429986+00:00
UCWnypYEnQUcuuc0NAAfKw0Q,鱼点儿,overseas_life,文化差异,2026-02-28T21:16:17.429986+00:00
UCfFOOGi2nZDt3LXUiPgVzeA,Kung Fu Group,overseas_life,文化差异,2026-02-28T21:16:17.429986+00:00
UC0NKEAepg5lYMU29uM01TpQ,老杨杂谈,overseas_life,文化差异,2026-02-28T21:16:17.429986+00:00
UC8ycJmYqFZtgT5d4E4zr63g,嘆文化 Tan Canto-Culture,overseas_life,文化差异,2026-02-28T21:16:17.429986+00:00
UCFrdDKy74OQrcvQ3__F-JMw,晓健觉悟空间,overseas_life,文化差异,2026-02-28T21:16:17.429986+00:00
UCjjh58fpDdDzLZnPaFJGmQg,坂井日南多,overseas_life,文化差异,2026-02-28T21:16:17.429986+00:00
UCaddWkdvI1gn6dayWwHxIFA,老温,overseas_life,文化差异,2026-02-28T21:16:17.429986+00:00
UCqgOMnrbPoltKnnumKrdPhg,法国伊飒belle ,overseas_life,文化差异,2026-02-28T21:16:17.429986+00:00
UC_91EWi8puaGKgQefNjqYiQ,Leo's 在台創業故事 (applemint),overseas_life,文化差异,2026-02-28T21:16:17.429986+00:00
UCCIHncIL4_8OcUjhcgxgs8g,老油条在LA,overseas_life,文化差异,2026-02-28T21:16:17.429986+00:00
UCMQjC3e5XnPB-42TmfwCwIg,佳一妈妈Annie,overseas_life,文化差异,2026-02-28T21:16:17.429986+00:00
UCvUSGEYrAVdw4zXRyXCMkjw,話匠頻道,overseas_life,文化差异,2026-02-28T21:16:17.429986+00:00
UCDfZWk5Ny0C2CemcKeKHHzA,湖广行,overseas_life,文化差异,2026-02-28T21:16:17.429986+00:00
UCVacrIZS-51yjzTEBotcyfQ,喜马拉雅FM,overseas_life,文化差异,2026-02-28T21:16:17.429986+00:00
UCsuLrYJiE2r7XfkjvYtBcTw,爱学习树三观,overseas_life,文化差异,2026-02-28T21:16:17.429986+00:00
UCRaJyNLjuLzDu_d72wnIWCw,罗休休,overseas_life,文化差异,2026-02-28T21:16:17.429986+00:00
UCFtclpo5Rbc2q2OsQnYvIIQ,77看世界,overseas_life,文化差异,2026-02-28T21:16:17.429986+00:00
UCplRRbZcAQNA2HiI5MjwvNw,张踩铃,overseas_life,文化差异,2026-02-28T21:16:17.429986+00:00
UCi04asGT2LmRs1X8qyQ20mA,伍分唐,overseas_life,文化差异,2026-02-28T21:16:17.429986+00:00
UCZqsvi6uhFrbsJcAmcZudcQ,莫彩曦Hailey,overseas_life,文化差异,2026-02-28T21:16:17.429986+00:00
UCbVNhxfty6oNc2DLEJsf4Xw,甜小鱼酱,overseas_life,文化差异,2026-02-28T21:16:17.429986+00:00
UCk7QYweGN34EU1qchonlN4A,爱尔兰奇哥,overseas_life,文化差异,2026-02-28T21:16:17.429986+00:00
UChAfdkSKz4peu3T_hZWTBzQ,爱尔兰叨叨,overseas_life,文化差异,2026-02-28T21:16:17.429986+00:00
UCtvevY9-SqJdxZMY-Hp7Onw,大千视界观,overseas_life,文化差异,2026-02-28T21:16:17.429986+00:00
UCC61tHxUDZWetidyLgd8LnA,李博士聊品牌出海,overseas_life,文化差异,2026-02-28T21:16:17.429986+00:00
UChrKyqmovoIhodPj2qo0TuQ,世事风云,overseas_life,文化差异,2026-02-28T21:16:17.429986+00:00
UCQzPtyrs7fxiBLZzCIVPB7w,走读声,overseas_life,文化差异,2026-02-28T21:16:17.429986+00:00
UCnoNJR1gnD2vozExsP-wkBA,礼美奈れみな,overseas_life,文化差异,2026-02-28T21:16:17.429986+00:00
UC6vUPhg9_isf8g05VKo4bNA,MialongC,overseas_life,文化差异,2026-02-28T21:16:17.429986+00:00
UCJ8HxqpMh_J4V1lJ6DcXMpA,Hola Gwen 马来妹在西班牙,overseas_life,文化差异,2026-02-28T21:16:17.429986+00:00
UCsAk1hNatRuQ8gVKcVuUkFA,白德翰,overseas_life,文化差异,2026-02-28T21:16:17.429986+00:00
UCbsHdXTF_3R3h6GlXh25IBA,WTO姐妹會 官方頻道,overseas_life,文化差异,2026-02-28T21:16:17.429986+00:00
UCmkILDMX2OxT1_clT7k5w1Q,何文庆 Stewart Hoo,overseas_life,文化差异,2026-02-28T21:16:17.429986+00:00
UCKkdD_WZW24nRGzHAwNzNww,今夜伴读,overseas_life,文化差异,2026-02-28T21:16:17.429986+00:00
UCB_lUsf1gYkGMX_Ylmdl_Gg,Listen to my podcast,overseas_life,文化差异,2026-02-28T21:16:17.429986+00:00
UCLwbvmtS4TKi30Sxfo0Hgcg,Інститут Конфуція Каразінського університету,overseas_life,文化差异,2026-02-28T21:16:17.429986+00:00
UCGziJ6I0RWxASPtnYlarINg,青岛 小菠萝,overseas_life,文化差异,2026-02-28T21:16:17.429986+00:00
UCrj-AWzqFpzPMB7SjXj-U2Q,Vermouth Lu,overseas_life,文化差异,2026-02-28T21:16:17.429986+00:00
UCCBq7s8VOCyek275uvq5lYQ,三原JAPAN Sanyuan_JAPAN,overseas_life,文化差异,2026-02-28T21:16:17.429986+00:00
UCRIa6Hv4WjYv6utMsZ1IfqA,Speak Chinese with Lilian,overseas_life,文化差异,2026-02-28T21:16:17.429986+00:00
UC8mzpkC9gvoLd1KufEvZnWQ,精影解说,movie_story,电影解说,2026-02-28T21:16:17.429986+00:00
UCGBJKU2mO--pl_-7xfDg6ng,先锋影视,movie_story,电影解说,2026-02-28T21:16:17.429986+00:00
UChqLepDX7uHBCKAikCuB1OQ,正经电影会,movie_story,电影解说,2026-02-28T21:16:17.429986+00:00
UCnJTXVl9p9Le1MwXPo7074g,银幕风云,movie_story,电影解说,2026-02-28T21:16:17.429986+00:00
UCUPyD9B6jsnJDnlcbLtr1Ig,毛毛電影,movie_story,电影解说,2026-02-28T21:16:17.429986+00:00
UCb8PlPsFtS-U_3k_eb-zhYw,大嘴電影官方频道,movie_story,电影解说,2026-02-28T21:16:17.429986+00:00
UCnl-q3MKzW6zVc5wyM7aRzw,看牛牛電影,movie_story,电影解说,2026-02-28T21:16:17.429986+00:00
UCEz3KTYN9kukeJ6_osOxBuA,糊涂电影,movie_story,电影解说,2026-02-28T21:16:17.429986+00:00
UCHYzrdAy8Gv5YMM-8L2098w,电影迷小雅,movie_story,电影解说,2026-02-28T21:16:17.429986+00:00
UCubbTg4ypePmA0gK0tYhYoQ,欢乐传媒,movie_story,电影解说,2026-02-28T21:16:17.429986+00:00
UCoUvGRE1QcE7SL5B3727x6Q,一本电影,movie_story,电影解说,2026-02-28T21:16:17.429986+00:00
UCdRKafyb--geO9ySg6CbhYA,宇哥侃故事,movie_story,电影解说,2026-02-28T21:16:17.429986+00:00
UChgCVolsF6L7DWmOpWKSkMA,越哥说电影,movie_story,电影解说,2026-02-28T21:16:17.429986+00:00
UCKapoW6em0nllaXxNC49XHA,犯叔说影,movie_story,电影解说,2026-02-28T21:16:17.429986+00:00
UCyYE7YoSaApsDCXU8CazIXw,阿凤电影解析,movie_story,电影解说,2026-02-28T21:16:17.429986+00:00
UC-Xflz6VOxWO3Cu_hLP8gzw,宋先森影剧,movie_story,电影解说,2026-02-28T21:16:17.429986+00:00
UCGxnSTPmBYqcYY7UrKizrig,電影長者,movie_story,电影解说,2026-02-28T21:16:17.429986+00:00
UCaYr0KAtT7xbrgMPChPC_eA,魔咖影视,movie_story,电影解说,2026-02-28T21:16:17.429986+00:00
UC_CIdvLLbvooEvEWo93cheQ,科幻桃小柏【官方频道】,movie_story,电影解说,2026-02-28T21:16:17.429986+00:00
UC-Sp4UHWZmCmxJQO9U0CILQ,王大魚,movie_story,电影解说,2026-02-28T21:16:17.429986+00:00
UCv6E-enrprExFqHJa8yLyJg,中文热点切片总汇,movie_story,电影解说,2026-02-28T21:16:17.429986+00:00
UCK680a1p7n-UnOl9cLBE8fg,小岛电影,movie_story,电影解说,2026-02-28T21:16:17.429986+00:00
UCU2IS5y-yXWK2-rEiK0R0-A,王先森觀影,movie_story,电影解说,2026-02-28T21:16:17.429986+00:00
UCTZkMboPhZhBpXyyvG1NmDw,阿月看电影,movie_story,电影解说,2026-02-28T21:16:17.429986+00:00
UCFtosMebvY0l-Mgj_2CBV6A,喜剧加油站,movie_story,电影解说,2026-02-28T21:16:17.429986+00:00
UC_IZCyvBnkLtYszTrz_VeYQ,最美看劇,movie_story,电影解说,2026-02-28T21:16:17.429986+00:00
UC1F1_t9aplVI8Q_6ioVnCIQ,光影二三事,movie_story,电影解说,2026-02-28T21:16:17.429986+00:00
UC1hhy4uTUFVwfdLp4BqBxOg,小辰辰影视,movie_story,电影解说,2026-02-28T21:16:17.429986+00:00
UCq3u-YLaoRXdbFqwUWn-eWQ,阿悬说电影,movie_story,电影解说,2026-02-28T21:16:17.429986+00:00
UCDUgJwFtyuNYII8Mzo5Pfog,心房电影,movie_story,电影解说,2026-02-28T21:16:17.429986+00:00
UCqqUieP_xopcMvebwT9qAHg,虎猫奇谈【官方频道】,movie_story,电影解说,2026-02-28T21:16:17.429986+00:00
UCtel6sZ1O6Nz5TQSY4L2qRg,高空讲故事,movie_story,电影解说,2026-02-28T21:16:17.429986+00:00
UCkUdGlWv4bLgaILoq0pQ_-g,小赫說電影,movie_story,电影解说,2026-02-28T21:16:17.429986+00:00
UC07u0Y6b-vy9C2pqCttuyoA,虎哥侃片,movie_story,电影解说,2026-02-28T21:16:17.429986+00:00
UC7T8ukV6m7eCyV8yzvKPL-A,维维影视解说,movie_story,电影解说,2026-02-28T21:16:17.429986+00:00
UCqC7Z6VwJ9TksdOdZsdnb_g,港片有約,movie_story,电影解说,2026-02-28T21:16:17.429986+00:00
UCuD4O_iV8JVC5pnCNu9rrkg,搜罗电影,movie_story,电影解说,2026-02-28T21:16:17.429986+00:00
UCtiDMz3D1r6whMgAWoUrZoA,豆豆視頻影視,movie_story,电影解说,2026-02-28T21:16:17.429986+00:00
UCipQJmg3yqouy6MRtPv_0Bg,Little Fox Chinese - Stories & Songs for Learners,movie_story,睡前 故事,2026-02-28T21:16:17.429986+00:00
UC42R0jI9cRxlxlrkNC6NNGQ,亲子阅读ReadForKid,movie_story,睡前 故事,2026-02-28T21:16:17.429986+00:00
UCURxZQP6gc1lJN5cTjXB5mA,一23睡前故事,movie_story,睡前 故事,2026-02-28T21:16:17.429986+00:00
UCrLO-yoAu4ZTzRSdmWqS53A,碰碰狐 鯊魚寶寶 (兒童兒歌・故事),movie_story,睡前 故事,2026-02-28T21:16:17.429986+00:00
UCgoiUg4LrO28_S0tBafdpcg,佳佳老師說故事,movie_story,睡前 故事,2026-02-28T21:16:17.429986+00:00
UCZh0I81cEMmC6MOk4WM8foA,Chinese Fairy Tales,movie_story,睡前 故事,2026-02-28T21:16:17.429986+00:00
UC62hFbHR9NbgW2iaBWKk-rA,兒歌點點 - 兒歌童謠-經典故事 -卡通動畫-益智玩具,movie_story,睡前 故事,2026-02-28T21:16:17.429986+00:00
UCWdigI7S6VaNPs6ooIBbiwg,睡前科学故事,movie_story,睡前 故事,2026-02-28T21:16:17.429986+00:00
UCU4cKEdjmchL_eN-X7VQ_mA,睡前故事郎,movie_story,睡前 故事,2026-02-28T21:16:17.429986+00:00
UC_QOI65lGkLxRqyo17SfEaA,Mandarin Village 中文村,movie_story,睡前 故事,2026-02-28T21:16:17.429986+00:00
UCiWRSesvSYmY7YOyz0tv_zQ,YOYOTV,movie_story,睡前 故事,2026-02-28T21:16:17.429986+00:00
UCDLbBAQ9eTqmgZDniP_NUDg,YOYOROCK Kids,movie_story,睡前 故事,2026-02-28T21:16:17.429986+00:00
UCgSc_D-jESLpTJAu8_d8suQ,WE四重奏,movie_story,睡前 故事,2026-02-28T21:16:17.429986+00:00
UCHZpZBuya6qYZ3yojQievwA,米米故事屋,movie_story,睡前 故事,2026-02-28T21:16:17.429986+00:00
UClaztfReW23d-jf2RRhXu1g,只能喝酒的圖書館,podcast_interview,播客 中文,2026-02-28T21:16:17.429986+00:00
UCyYT-HdG1FXua6_vwyXNqhg,Chinese Daily Podcast,podcast_interview,播客 中文,2026-02-28T21:16:17.429986+00:00
UCy_zeM9CScXfUs1uMGmoqCg,天下文化,podcast_interview,播客 中文,2026-02-28T21:16:17.429986+00:00
UC8z3uFxoqNMzdDt5vetTjNg,Peggy Fo Show,podcast_interview,播客 中文,2026-02-28T21:16:17.429986+00:00
UCjSFDgRCzh_1ZPhxChVgK7Q,Lazy Chinese - Comprehensible Input,podcast_interview,播客 中文,2026-02-28T21:16:17.429986+00:00
UClmBay0vqGqCRBr2XW2kM0A,An Khả Hy,podcast_interview,播客 中文,2026-02-28T21:16:17.429986+00:00
UCI8Liuxdz6UPv5rgMskfwPg,Learn Chinese Through Podcast,podcast_interview,播客 中文,2026-02-28T21:16:17.429986+00:00
UCh4QrR5V6reIojGpRqkTbYw,一口新飯,podcast_interview,播客 中文,2026-02-28T21:16:17.429986+00:00
UCFLw26wBlCCx-r9HvOWx2KQ,Một bông hoa,podcast_interview,播客 中文,2026-02-28T21:16:17.429986+00:00
UCk92SZjdTkLo6uNj-MRJxWA,Sherry's Notes 雪力的心理學筆記,podcast_interview,播客 中文,2026-02-28T21:16:17.429986+00:00
UCc-YIMz_tv1K_FKE4noY_Cw,Xiaogua Chinese,podcast_interview,播客 中文,2026-02-28T21:16:17.429986+00:00
UCfsNycNoClXZA1FuUJSGT0w,Dashu Mandarin 大叔中文,podcast_interview,播客 中文,2026-02-28T21:16:17.429986+00:00
UCxOhdldi9RED-8zi6EWxp_w,Chloe Chinese Class,podcast_interview,播客 中文,2026-02-28T21:16:17.429986+00:00
UCv5kZHC_evmXRf0xXIoeygg,Haoxin Chinese With Labake,podcast_interview,播客 中文,2026-02-28T21:16:17.429986+00:00
UCD2KoUc0f4Bv2Bz0mbOah8g,百靈果News,podcast_interview,播客 中文,2026-02-28T21:16:17.429986+00:00
UCZs2_qqVNU5K32XxhHFY_MQ,Chinese Podcast With Shenglan,podcast_interview,播客 中文,2026-02-28T21:16:17.429986+00:00
UCfcv1yf1JWU_Dftvsql31yg,曾博恩,podcast_interview,播客 中文,2026-02-28T21:16:17.429986+00:00
UCP2FBy3oSlNmuXSHgPfowBw,Scrubs and Soy Sauce,podcast_interview,播客 中文,2026-02-28T21:16:17.429986+00:00
UC0NQ7fI3tEmVWlbJKNsim_A,多余的朵儿,podcast_interview,播客 中文,2026-02-28T21:16:17.429986+00:00
UC9P_8bG2NWRBuYHDy6sWU0g,Chinese at Dawn,podcast_interview,播客 中文,2026-02-28T21:16:17.429986+00:00
UCSeLePtOn5gRVpkE0yxOHsg,Fufu Chinese ,podcast_interview,播客 中文,2026-02-28T21:16:17.429986+00:00
UCMqenhPGSw0ySojC1lYFygg,Into Chinese,podcast_interview,播客 中文,2026-02-28T21:16:17.429986+00:00
UCT7d_gIe8pq-ijK_FwvKPDg,TIẾNG TRUNG I ZÌ,podcast_interview,播客 中文,2026-02-28T21:16:17.429986+00:00
UC0GkmaFc3J3cs_IiUpeLx8g,Mandarin Melon,podcast_interview,播客 中文,2026-02-28T21:16:17.429986+00:00
UCpt-QaIqyu2dE6qKGcv-Cnw,Bitesize Chinese 一口中文,podcast_interview,播客 中文,2026-02-28T21:16:17.429986+00:00
UCSoH-pm1Rto-1-ls5iKsQFg,Talk Taiwanese Mandarin With Abby,podcast_interview,播客 中文,2026-02-28T21:16:17.429986+00:00
UCtyLiCqpNiQMpTGTiyQbmgQ,Learn Chinese with Coco,podcast_interview,播客 中文,2026-02-28T21:16:17.429986+00:00
UC2XBFDlONPkfcrVmKjPkJRA,SBS中文,podcast_interview,播客 中文,2026-02-28T21:16:17.429986+00:00
UCINZzNGjI3ihXPsDM9TjAbg,是个人物,podcast_interview,人物 访谈,2026-02-28T21:16:17.429986+00:00
UCkHNjVNTPVwAR8KjZXAMmIQ,纪录片研习社,podcast_interview,人物 访谈,2026-02-28T21:16:17.429986+00:00
UCrgyYnIuptbMnX0wYdjqvDw,纪实风云,podcast_interview,人物 访谈,2026-02-28T21:16:17.429986+00:00
UCJOKC7XeVPK0KqnnbtEEABw,HavenTube,podcast_interview,人物 访谈,2026-02-28T21:16:17.429986+00:00
UCPztIbHwftzDhezAmWsRJfw,脱口秀播客,podcast_interview,人物 访谈,2026-02-28T21:16:17.429986+00:00
UCjuNibFJ21MiSNpu8LZyV4w,柴静 Chai Jing,podcast_interview,人物 访谈,2026-02-28T21:16:17.429986+00:00
UC8OPzYp9d4sZBk6ElacXnKw,一刻Talks,podcast_interview,人物 访谈,2026-02-28T21:16:17.429986+00:00
UCKdsI9U7vymSJBHVeAcNOYQ,名人留聲機,podcast_interview,人物 访谈,2026-02-28T21:16:17.429986+00:00
UCqNWMqcdGkPpRcGuwytfCTg,综艺连连看,podcast_interview,人物 访谈,2026-02-28T21:16:17.429986+00:00
UCIMtgz0_q-FRSdKtQAcySZA,Yang Lan 杨澜,podcast_interview,人物 访谈,2026-02-28T21:16:17.429986+00:00
UCb3TZ4SD_Ys3j4z0-8o6auA,BBC News 中文,podcast_interview,人物 访谈,2026-02-28T21:16:17.429986+00:00
UCGWYKICLOE8Wxy7q3eYXmPA,最佳拍档,podcast_interview,人物 访谈,2026-02-28T21:16:17.429986+00:00
UCGWPmyU1DpZfxNQRonvSFJw,凉子访谈录,podcast_interview,人物 访谈,2026-02-28T21:16:17.429986+00:00
UCYjV8zmG5-Zv9FGuoYks56w,【周游天下】之自建香格里拉,podcast_interview,人物 访谈,2026-02-28T21:16:17.429986+00:00
UC2cRwTuSWxxEtrRnT4lrlQA,Mediastorm影视飓风,podcast_interview,人物 访谈,2026-02-28T21:16:17.429986+00:00
UC9zs6wZpy_V3XfynMh8pQmw,纪实说,podcast_interview,人物 访谈,2026-02-28T21:16:17.429986+00:00
UCBKDRq35-L8xev4O7ZqBeLg,王志安 ,podcast_interview,人物 访谈,2026-02-28T21:16:17.429986+00:00
UClrB06PsOMunWlRUe7k9m9w,YOUKU DOCUMENTARY-Get APP now,podcast_interview,人物 访谈,2026-02-28T21:16:17.429986+00:00
UC7eBKmeAz99qswOcm3VxOow,十三邀,podcast_interview,人物 访谈,2026-02-28T21:16:17.429986+00:00
UCcHu3AGkj_IRmgQKaf2QH6g,藍諾Eleanor Jiang,podcast_interview,人物 访谈,2026-02-28T21:16:17.429986+00:00
UCwfuyzupDF2k4H4OZx8v4sw,洛奇Rocky,podcast_interview,人物 访谈,2026-02-28T21:16:17.429986+00:00
UCSPLdNM5qkxKI9YtZ_7tD3g,诞视,podcast_interview,人物 访谈,2026-02-28T21:16:17.429986+00:00
UCeo3JwE3HezUWFdVcehQk9Q,阿滴,podcast_interview,人物 访谈,2026-02-28T21:16:17.429986+00:00
UCSX99Rvq5dszj6rzAPkdglA,56BelowTV 零下56,podcast_interview,人物 访谈,2026-02-28T21:16:17.429986+00:00
UCdzZYASkPWLpfDgKwPP1Hzw,故事会 Story Hour,podcast_interview,人物 访谈,2026-02-28T21:16:17.429986+00:00
UC05wXE-OxZNerG0EKg37umQ,brisby,podcast_interview,人物 访谈,2026-02-28T21:16:17.429986+00:00
UC3F4faaDkeGqun0LoM_k5JQ,综艺放映厅,podcast_interview,人物 访谈,2026-02-28T21:16:17.429986+00:00
UCszxbJztLxUu2NgJoZV16Hg,俞乐声香,podcast_interview,人物 访谈,2026-02-28T21:16:17.429986+00:00
UClECogrvbFxgteBNgea0aEw,ForbiddenChina,podcast_interview,人物 访谈,2026-02-28T21:16:17.429986+00:00
UCx6R0JeHRx61dAc6CCSoibA,有趣的V,podcast_interview,人物 访谈,2026-02-28T21:16:17.429986+00:00
UCn3w1o7mwqDajxnoPuObfFg,老张茶馆,podcast_interview,人物 访谈,2026-02-28T21:16:17.429986+00:00
UC1Xm-VhWUqZcPCCN5R2MniA,名言語錄QUOTES,podcast_interview,人物 访谈,2026-02-28T21:16:17.429986+00:00
UC9wySV5jLmJQxBMA4sURcqA,CESPN media,podcast_interview,人物 访谈,2026-02-28T21:16:17.429986+00:00
UCODhgWUwDVfCWpmDaVHXQlA,凡人有约,podcast_interview,人物 访谈,2026-02-28T21:16:17.429986+00:00
UCycpJNE1Ie9oErsLblcwBfA,雨田侃设计,podcast_interview,人物 访谈,2026-02-28T21:16:17.429986+00:00
UCEU7IdrJx3rvb8JT33dvZJg,中共不等于中国人,podcast_interview,人物 访谈,2026-02-28T21:16:17.429986+00:00
UCb7yE9dFusEXLry-audCVWA,王左岸,podcast_interview,人物 访谈,2026-02-28T21:16:17.429986+00:00
UCaIIFXfdQUYf3OHPIFNDdrQ,Alan Chen,podcast_interview,人物 访谈,2026-02-28T21:16:17.429986+00:00
UCuqZEtd4z8rWEeDUaqWsHjg,纪实Talk,podcast_interview,人物 访谈,2026-02-28T21:16:17.429986+00:00
UCv-RMmlBRP_y9l1akURwwkg,希尔伯特世界,podcast_interview,人物 访谈,2026-02-28T21:16:17.429986+00:00
UC_LzhsYMOW7dL70yQdOAmIw,OS NEWS,podcast_interview,人物 访谈,2026-02-28T21:16:17.429986+00:00
UCJkUERtBVSaA91Yc9oajl0w,好天映像,podcast_interview,人物 访谈,2026-02-28T21:16:17.429986+00:00
UCkK9-FQj0pxFI2nkN88gbOQ,陈鲁豫 LuYu Chen 官方频道 LuYu Chen Official Channel,podcast_interview,人物 访谈,2026-02-28T21:16:17.429986+00:00
UCGlEi8jteQocoEfosBXRqdQ,《CCNEWS看点》频道,podcast_interview,人物 访谈,2026-02-28T21:16:17.429986+00:00
UCKsBpfKt-ms0gwHMDWfpsyg,马桶哥,podcast_interview,人物 访谈,2026-02-28T21:16:17.429986+00:00
UC4joCmkKflJGeutxVMaGdVw,新中国频道,podcast_interview,人物 访谈,2026-02-28T21:16:17.429986+00:00
UCn9_KbNANeyYREePe8YA2DA,财经冷眼,podcast_interview,人物 访谈,2026-02-28T21:16:17.429986+00:00
UCmYIZihx92lCZ-mDaLDBizQ,DocuLife-SMG真实传媒,podcast_interview,人物 访谈,2026-02-28T21:16:17.429986+00:00
UCW1PBg7sKyLWwKoGuo7gZrA,Neemay在加拿大,podcast_interview,人物 访谈,2026-02-28T21:16:17.429986+00:00
UCcLK3j-XWdGBnt5bR9NJHaQ,CCTV中国中央电视台,podcast_interview,人物 访谈,2026-02-28T21:16:17.429986+00:00
UCU3spBqBwRsopJ658aLk3Cg,東京101,podcast_interview,人物 访谈,2026-02-28T21:16:17.429986+00:00
UCN4UgX-iqATcYMsjM4XXTmQ,与众不同的心理学,podcast_interview,人物 访谈,2026-02-28T21:16:17.429986+00:00
UCtVSBtH_XJw5419JqbRBc0Q,SG Media加拿大雪雁传媒                   Snow Goose Media,podcast_interview,人物 访谈,2026-02-28T21:16:17.429986+00:00
UC-5qzjcGGz3cbufr2o1Vb6A,Somewhere Out There,podcast_interview,人物 访谈,2026-02-28T21:16:17.429986+00:00
UChQ4sf8t1xu3NhA_g4WnUvg,科大新创,podcast_interview,人物 访谈,2026-02-28T21:16:17.429986+00:00
UCOubzp-IJ4nVbEst_p197qw,华人牧者团契,podcast_interview,人物 访谈,2026-02-28T21:16:17.429986+00:00
UCWzi9KVfXh19t3IZUKGRo_w,世新全媒體中心,podcast_interview,人物 访谈,2026-02-28T21:16:17.429986+00:00
UCXCpx0JJ5R4ad8xrKEbqpgg,Yuhang,podcast_interview,人物 访谈,2026-02-28T21:16:17.429986+00:00
UCQJUrIqTE6FgzQAglGmXKXg,老虎庙 · 虎侃,podcast_interview,人物 访谈,2026-02-28T21:16:17.429986+00:00
UCfp4UOZge4xHq6LRrCBlUcQ,亞太水彩論壇ASIA-PACIFIC,podcast_interview,人物 访谈,2026-02-28T21:16:17.429986+00:00
UC2FY2Ei2sBQMWT-cqdaDJAw,司晶LifeGuide,podcast_interview,人物 访谈,2026-02-28T21:16:17.429986+00:00
UCFhktojBok7f7CD4ykaRKTA,Your Studio有耳工作室,podcast_interview,人物 访谈,2026-02-28T21:16:17.429986+00:00
UCdxaZ-yZalLHYEIfzVJPIxA,奋韩网ICNKR,podcast_interview,人物 访谈,2026-02-28T21:16:17.429986+00:00
UCZK6cMBuXxX46QMV91i7r7g,Money&Love 投资频道,podcast_interview,人物 访谈,2026-02-28T21:16:17.429986+00:00
UCDYpH5jc22M6969CsUt1jPQ,优声美书,podcast_interview,人物 访谈,2026-02-28T21:16:17.429986+00:00
UCE4djCgbCFDOXq4XSTTMnfg,樂為國際股份有限公司,podcast_interview,人物 访谈,2026-02-28T21:16:17.429986+00:00
UC4E7AK34EuBxUHR8FFE3FlA,菊子说房产,podcast_interview,人物 访谈,2026-02-28T21:16:17.429986+00:00
UCBMm9hFDFRzJ67wfpSYDYmg,R&D Communication,podcast_interview,人物 访谈,2026-02-28T21:16:17.429986+00:00
UC4CdU58azjI99ilBALppLIg,HPL人格潛能發展實驗室,podcast_interview,人物 访谈,2026-02-28T21:16:17.429986+00:00
UCk92SZjdTkLo6uNj-MRJxWA,Sherry's Notes 雪力的心理學筆記,job_hunting,求职 找工作,2026-02-28T21:16:17.429986+00:00
UClq1oF_XReK0VrtzDr-2udA,小Lin说求职,job_hunting,求职 找工作,2026-02-28T21:16:17.429986+00:00
UCBiwGaTo6GTlXUDvTouL8DQ,Car1卡尔,job_hunting,求职 找工作,2026-02-28T21:16:17.429986+00:00
UCDPXgmAIiReB1MJ71A-qilQ,北美升哥 | 求职辅导,job_hunting,求职 找工作,2026-02-28T21:16:17.429986+00:00
UCk6b16lPG01kIH2jn410e6Q,下班真心話,job_hunting,求职 找工作,2026-02-28T21:16:17.429986+00:00
UCH0Mck9Vt-Cv7iESfzzqviQ,alex lee,job_hunting,求职 找工作,2026-02-28T21:16:17.429986+00:00
UCNofSeASmAeeaWO4A-STpFA,Eydis Meditation (亞蒂絲冥想),job_hunting,求职 找工作,2026-02-28T21:16:17.429986+00:00
UC1Lg67J_MteqkcrgAYtl3CQ,工程師Tim,job_hunting,求职 找工作,2026-02-28T21:16:17.429986+00:00
UCStxtWvGkVughraqZitRtfg,Zoey in 🇳🇿,job_hunting,求职 找工作,2026-02-28T21:16:17.429986+00:00
UCXjVWW-RqduJEoZXpzNjd2w,了不起的亚当,job_hunting,求职 找工作,2026-02-28T21:16:17.429986+00:00
UCT7GtWPX0p-XITJ2ZsEYc9A,小雞上工-有空就上小雞賺外快,job_hunting,求职 找工作,2026-02-28T21:16:17.429986+00:00
UCwDZlUQvik6mSR1f62a0Q9w,蛋小黄,job_hunting,求职 找工作,2026-02-28T21:16:17.429986+00:00
UCgJYsfvQRNjmVPGTTqZmHzQ,Cake ! 蛋糕找工作,job_hunting,求职 找工作,2026-02-28T21:16:17.429986+00:00
UCGJYswYITlIY6kMsU6WXlJw,大汪观世界,job_hunting,求职 找工作,2026-02-28T21:16:17.429986+00:00
UCJ1oX3Bo1FyNPGqRorRd9aQ,TODAY 財知道,job_hunting,求职 找工作,2026-02-28T21:16:17.429986+00:00
UC7GawUG3AC47M5gJZsvyflg,凱心琳 Untyped,job_hunting,求职 找工作,2026-02-28T21:16:17.429986+00:00
UCqczho5JMCzcimt3Wg6RzWg,瑞米有隻小綿羊,job_hunting,求职 找工作,2026-02-28T21:16:17.429986+00:00
UCY_3GT_YAhas2ZEFmhn8faQ,北美程序猿的生活,job_hunting,求职 找工作,2026-02-28T21:16:17.429986+00:00
UCLxhFbiS9JJvNVFxOT_Hwtw,上海刀哥,job_hunting,求职 找工作,2026-02-28T21:16:17.429986+00:00
UCWNdnEl_5b7KKXjiMhHjs5g,Allen在新西兰,job_hunting,求职 找工作,2026-02-28T21:16:17.429986+00:00
UCMQ9X_iryf4PU0EuwaLHSPg,土伯ㄟ日常 Yumi,job_hunting,求职 找工作,2026-02-28T21:16:17.429986+00:00
UCLSPnZgB0lg2EuWawghf7zQ,張張在東京,job_hunting,求职 找工作,2026-02-28T21:16:17.429986+00:00
UCAwU1-9kzd1RpH8Bx874y5g,阿文抵加 Awen in Ca 🇨🇦,job_hunting,求职 找工作,2026-02-28T21:16:17.429986+00:00
UCCCp37EQVUJkbgMWjOBuF2w,金老師,job_hunting,求职 找工作,2026-02-28T21:16:17.429986+00:00
UCiWXd0nmBjlKROwzMyPV-Nw,志祺七七,job_hunting,求职 找工作,2026-02-28T21:16:17.429986+00:00
UCrKfUIDkciOMUTrrtoSVD7g,HR Jasmin,job_hunting,求职 找工作,2026-02-28T21:16:17.429986+00:00
UC-cHcQu42aCsqMs0h3jU0pg,Yoshi Yoshi,job_hunting,求职 找工作,2026-02-28T21:16:17.429986+00:00
UC5nwNW4KdC0SzrhF9BXEYOQ,TVBS NEWS,job_hunting,求职 找工作,2026-02-28T21:16:17.429986+00:00
UC509MeWZhuAuqXaJPraaZtw,全民話燒,job_hunting,求职 找工作,2026-02-28T21:16:17.429986+00:00
UCmoOnxeTHUcUBWFNSUR8HvQ,3cTim哥生活日常,job_hunting,求职 找工作,2026-02-28T21:16:17.429986+00:00
UCb9LSg85fZUQyF_TH5qAXng,杨斌老师-职场一线,job_hunting,求职 找工作,2026-02-28T21:16:17.429986+00:00
UCL0_NxCvkcXwZHpvqgMZY-A,TVBS選新聞,job_hunting,求职 找工作,2026-02-28T21:16:17.429986+00:00
UCBK7YvDR8PqDXoTGH5N8paA,Olivia Hsü,job_hunting,求职 找工作,2026-02-28T21:16:17.429986+00:00
UC889HOCUWyhWH9MRvg2sfSw,叮叮当当小百科,job_hunting,求职 找工作,2026-02-28T21:16:17.429986+00:00
UCcgNcPvFEUdu55yrN378P_g,Notfatty Elaine,job_hunting,求职 找工作,2026-02-28T21:16:17.429986+00:00
UC1ZxhpbMYM-Y3-h21Z24VEw,陈航说留美,job_hunting,求职 找工作,2026-02-28T21:16:17.429986+00:00
UCrbQxu0YkoVWu2dw5b1MzNg,zaobaosg,job_hunting,求职 找工作,2026-02-28T21:16:17.429986+00:00
UCbSdVNZnRl9zd1h10IBSoXw,实习快聘,job_hunting,求职 找工作,2026-02-28T21:16:17.429986+00:00
UCBpI-AgUsF_8nzNotbm3rLw,汤泉兄弟,job_hunting,求职 找工作,2026-02-28T21:16:17.429986+00:00
UCxzPFSh9SiT1SvJkS_HkklA,亿万富豪养成计划,job_hunting,求职 找工作,2026-02-28T21:16:17.429986+00:00
UCGWAaM0Xihgk2xOThhY2M7g,安行遠與安太太 Garrett and Wei-Ling,job_hunting,求职 找工作,2026-02-28T21:16:17.429986+00:00
UCiI-wDue1C8o-8krTvEb75Q,yes123求職網,job_hunting,求职 找工作,2026-02-28T21:16:17.429986+00:00
UCJ6WZZ3CCoL_KYX79Duc1nw,MrOrange,job_hunting,求职 找工作,2026-02-28T21:16:17.429986+00:00
UCBkLBa86e5kscEGkZDyNxQQ,喵星律師-施宇宸,job_hunting,求职 找工作,2026-02-28T21:16:17.429986+00:00
UCIA43HhboQpWKhCfYIJJgTg,Jade Shi- Coach Jade,job_hunting,求职 找工作,2026-02-28T21:16:17.429986+00:00
UCbddjN9yilVBgafdgCB4ndQ,BetweenGos 找到你的職場優勢,job_hunting,求职 找工作,2026-02-28T21:16:17.429986+00:00
UC_v4ANuBXgK2cjWVdW_rJaw,Yige Yang,job_hunting,求职 找工作,2026-02-28T21:16:17.429986+00:00
UCmMp_pKdhHglu5Pa89mxEbA,YY's Journey,job_hunting,求职 找工作,2026-02-28T21:16:17.429986+00:00
UCvR_60U6L3GWXxa1RJTznag,經理人,job_hunting,求职 找工作,2026-02-28T21:16:17.429986+00:00
UClhecf7eOGHwbKW5e7l_pTA,緯育TibaMe,job_hunting,求职 找工作,2026-02-28T21:16:17.429986+00:00
UCBnY9PGoBKSOAXq5sNktMkg,Jessica Huang,job_hunting,求职 找工作,2026-02-28T21:16:17.429986+00:00
UCR1do0CGxXn_omXErjBhNjg,TallTalk涛声（FuturePlusOne）,job_hunting,求职 找工作,2026-02-28T21:16:17.429986+00:00
UCSIwz40YI5Pwq7aPUgbAD9w,新加坡_艺婷 SG_Yiting,job_hunting,求职 找工作,2026-02-28T21:16:17.429986+00:00
UCCU-ubKBqoXzRgm4RJMQFZQ,志光公職王,job_hunting,求职 找工作,2026-02-28T21:16:17.429986+00:00
UCO1VZU3L3uKu2F1_Xu0t5yQ,德国小聪聪,job_hunting,求职 找工作,2026-02-28T21:16:17.429986+00:00
UCx0WcZybBZtLzrkwmoZ6Rbw,DazzleLime,job_hunting,求职 找工作,2026-02-28T21:16:17.429986+00:00
UCykcNNIwJeJGGuLac6akyPw,三坨土,job_hunting,求职 找工作,2026-02-28T21:16:17.429986+00:00
UClpD6n2IZ0oHjWJZScEl4Zw,HoiTalent荷兰求职辅导,job_hunting,求职 找工作,2026-02-28T21:16:17.429986+00:00
UCl5uX-TEaNawfiVL8D6XL8Q,usa laotu,job_hunting,求职 找工作,2026-02-28T21:16:17.429986+00:00
UC2o9-1vyTnyjrA6Z-9dWPiA,宇宙心樂園,job_hunting,求职 找工作,2026-02-28T21:16:17.429986+00:00
UC0_OP1SAx_PqzHG1v5CznFA,Lin Z.H,job_hunting,求职 找工作,2026-02-28T21:16:17.429986+00:00
UCsfdRsykAC8FuoSNCENEc4g,Career Journey Pro 一往职前,job_hunting,求职 找工作,2026-02-28T21:16:17.429986+00:00
UCHpZvxvSZblHs24fp3VzzPg,铁饭网 Ricebowl,job_hunting,求职 找工作,2026-02-28T21:16:17.429986+00:00
UCKNjHc-zIdRa3uY1SmMWfBg,Christinaaa呀,job_hunting,求职 找工作,2026-02-28T21:16:17.429986+00:00
UC0vwHxerfU5ZHe5Fa2Ub-6w,Daniel WANG,job_hunting,求职 找工作,2026-02-28T21:16:17.429986+00:00
UC50mP_GEavoYzdUr6gZWXhQ,Eric Duan,job_hunting,求职 找工作,2026-02-28T21:16:17.429986+00:00
UCAcXOFc59L8N3b6hS7Td8Dg,IamRuru,job_hunting,求职 找工作,2026-02-28T21:16:17.429986+00:00
UCanQu2BJniNfGViaF23dJgw,匠人学院,job_hunting,求职 找工作,2026-02-28T21:16:17.429986+00:00
UC3EXlNYqWlli5IjgWHMbQRA,高雄都會台 - 中嘉寬頻,job_hunting,求职 找工作,2026-02-28T21:16:17.429986+00:00
UCXFZMl8aYFmno6rMAJ30_NA,Sofia在美国,job_hunting,求职 找工作,2026-02-28T21:16:17.429986+00:00
UC2TuODJhC03pLgd6MpWP0iw,三立LIVE新聞,job_hunting,求职 找工作,2026-02-28T21:16:17.429986+00:00
UCOElQ3718IiLih-FnYwJyrQ,就業特派員👾白艾霏,job_hunting,求职 找工作,2026-02-28T21:16:17.429986+00:00
UC3cRiUax8hHAz7ypwdH9LFw,築夢家 - Dreams Bloomer,job_hunting,求职 找工作,2026-02-28T21:16:17.429986+00:00
UCG7F4aYoLjPW2lnQztyqEVg,老陈聊移民,job_hunting,求职 找工作,2026-02-28T21:16:17.429986+00:00
UCkoVLutEycqJc8LDjmQHdUw,CherryMarine,job_hunting,求职 找工作,2026-02-28T21:16:17.429986+00:00
UCDlw4SosjB-LzChGtYNOduQ,职业规划师彦菲,job_hunting,求职 找工作,2026-02-28T21:16:17.429986+00:00
UCUmO-V9bW7MGJhlnDWsYvkg,104人力銀行,job_hunting,求职 找工作,2026-02-28T21:16:17.429986+00:00
UC0Wrl4cHyZ-Bu3L0iJBw5XQ,He is Brian,job_hunting,求职 找工作,2026-02-28T21:16:17.429986+00:00
UCK0sQYI1j6SnPQhpwfUl4Fg,工科妈妈 Mama Good Idea,job_hunting,求职 找工作,2026-02-28T21:16:17.429986+00:00
UC3kQ0haNPv7noBojBxyPPsg,小白新君Zoe,job_hunting,求职 找工作,2026-02-28T21:16:17.429986+00:00
UC5p8WSPGtnSWpeQzXv9F7XQ,每日中文课Free To Learn Chinese,job_hunting,面试 经验,2026-02-28T21:16:17.429986+00:00
UCG_BZRcsNRXsRDj2N6YiQNA,葵葵Phoebe和泡泡🐰,job_hunting,面试 经验,2026-02-28T21:16:17.429986+00:00
UCnCvzPN_P31hpkbK7c4JlpA,Damon的职言职语,job_hunting,面试 经验,2026-02-28T21:16:17.429986+00:00
UCgfSuCBp3FBaTJGB2C8gKNQ,泡芙方 Prof. Fang,job_hunting,面试 经验,2026-02-28T21:16:17.429986+00:00
UC3o1jHQ3LuUG5t_UPR10xpQ,方圆儿不圆,job_hunting,面试 经验,2026-02-28T21:16:17.429986+00:00
UCLX2UiRxbnFRBbep2-iYtOg,指尖不思議,job_hunting,面试 经验,2026-02-28T21:16:17.429986+00:00
UCwsrASoAIwV0-KQKNko0VEA,檀东东·Tango,job_hunting,面试 经验,2026-02-28T21:16:17.429986+00:00
UCdtwbv6ixR3PKzGK96FLUPg,Jacky Hooi,job_hunting,面试 经验,2026-02-28T21:16:17.429986+00:00
UCyBbA05rNQU0Agbv_1Yqx0w,走歪的工程師James,job_hunting,面试 经验,2026-02-28T21:16:17.429986+00:00
UC7gY-dw-fbsi3CGdleKBtCA,Yahua,job_hunting,面试 经验,2026-02-28T21:16:17.429986+00:00
UCg5zAAP06T-PZyg1ydVmFeg,SMART Mandarin - Katrina Lee,job_hunting,面试 经验,2026-02-28T21:16:17.429986+00:00
UC0cfzWV6zhlvQkGuYsNhdAQ,加拿大留学生俱乐部,job_hunting,面试 经验,2026-02-28T21:16:17.429986+00:00
UCUGecoQp_hsWBvmUI1B8DQA,Cleo Chats,job_hunting,面试 经验,2026-02-28T21:16:17.429986+00:00
UCJpXaqXSXgcXECzku5hOztA,獅城起床號 x So Singapore,job_hunting,面试 经验,2026-02-28T21:16:17.429986+00:00
UCoAgNeXIYsBVvagMtQ9hBrg,數位媒體實驗室｜N Media Lab ,job_hunting,面试 经验,2026-02-28T21:16:17.429986+00:00
UCXjifCeX_9hjBzfPBmwBaPQ,教师资格证,job_hunting,面试 经验,2026-02-28T21:16:17.429986+00:00
UCJnvK2B5QvnT70ZK_an3eMg,澳洲中文电视台 AUCNTV,job_hunting,面试 经验,2026-02-28T21:16:17.429986+00:00
UCwMsM_kmadjtyOx__eEUQ9Q,Eloquent Joe,job_hunting,面试 经验,2026-02-28T21:16:17.429986+00:00
UCNuDw89p5n9oIgFZ-ekZoRg,饭哥爆笑社,job_hunting,面试 经验,2026-02-28T21:16:17.429986+00:00
UCUT4iE_PHnVOMdE5xhUYVww,Charlotte Huang,job_hunting,面试 经验,2026-02-28T21:16:17.429986+00:00
UCZrNBeAIf3MsSe-aR8AvlKg,秋叶课堂,job_hunting,面试 经验,2026-02-28T21:16:17.429986+00:00
UC1n-YMrab5bJS6bK_6bMQiw,Crystal_BLR,job_hunting,面试 经验,2026-02-28T21:16:17.429986+00:00
UCmVlQtN7WA_m94iT0aM4TDw,美国入籍指导 | 大卫团队 (David Group),job_hunting,面试 经验,2026-02-28T21:16:17.429986+00:00
UCP1UlYJH_QL4m5HVyikcxfQ,Andrew LaCivita,job_hunting,面试 经验,2026-02-28T21:16:17.429986+00:00
UClSEggGD_tUEhly-o13e8Gg,程序汪,job_hunting,面试 经验,2026-02-28T21:16:17.429986+00:00
UCk2zauON7duHEkkL7qXYHGA,山楂Evergreen,job_hunting,面试 经验,2026-02-28T21:16:17.429986+00:00
UCxpFnzdNHkjsPvOdBrmLQXQ,潔衣家,job_hunting,面试 经验,2026-02-28T21:16:17.429986+00:00
UCqfOoPkcFob3OKGIYXKvGMQ,麋妮Mini,job_hunting,面试 经验,2026-02-28T21:16:17.429986+00:00
UCv7xKV3li6PUOIG5X6fQT3w,宇宙姐姐 Christine Cheng,job_hunting,面试 经验,2026-02-28T21:16:17.429986+00:00
UCrtPXCqjm9c7nqgJL-vBSZg,CareerVidz,job_hunting,面试 经验,2026-02-28T21:16:17.429986+00:00
UCIUR_yUAIEX59oJI-TAQ-7A,The English Way,job_hunting,面试 经验,2026-02-28T21:16:17.429986+00:00
UCf8xfYmBCGh-0WwUJCFjsXg,一个小海螺lorrr,job_hunting,面试 经验,2026-02-28T21:16:17.429986+00:00
UCakjqf_NhpfDfIjAmiuPj_Q,Stephanie Wang,job_hunting,面试 经验,2026-02-28T21:16:17.429986+00:00
UC1kdE8dOMrEu7sYftEOYHqg,Paddy Jobsman,job_hunting,面试 经验,2026-02-28T21:16:17.429986+00:00
UC6eRq7kHC-DxnOsIiKFTBrA,晚红小拓,job_hunting,面试 经验,2026-02-28T21:16:17.429986+00:00
UC_zFlKefuMp1tirWAfEKUmw,Vanisha Naraini,job_hunting,面试 经验,2026-02-28T21:16:17.429986+00:00
UCCyKm4Dm0awz6yfq33ZgWUg,Remote Philippines,job_hunting,面试 经验,2026-02-28T21:16:17.429986+00:00
UCy5MqdulNNH5thnjKHhNt1Q,Next Level English,job_hunting,面试 经验,2026-02-28T21:16:17.429986+00:00
UC2TAtbY9QSs2HzkxVdMK-2Q,TechWithSaumya,job_hunting,面试 经验,2026-02-28T21:16:17.429986+00:00
UCSVNC-RI6CwubjqEeoTQEOw,蔚茵 WeiYin,job_hunting,面试 经验,2026-02-28T21:16:17.429986+00:00
UCBT_8L8triM4d4mxHNhDnxg,Kesri Talks,job_hunting,面试 经验,2026-02-28T21:16:17.429986+00:00
UC512aL5wp8icOicjwwWtOyg,OnlineStudy4u,job_hunting,面试 经验,2026-02-28T21:16:17.429986+00:00
UC2TVCkukXc9Z6OSfZMfQ-lg,Arthi Baskar,job_hunting,面试 经验,2026-02-28T21:16:17.429986+00:00
UCkcqmxjMXaBb0kDWqqSEU1g,Sahil & Sarra,job_hunting,面试 经验,2026-02-28T21:16:17.429986+00:00
UCihWZFW2U5RmnrpKEwkXPfw,Listen to me,job_hunting,面试 经验,2026-02-28T21:16:17.429986+00:00
UCNncHM8i_vX4EosfU388ZOA,LEARNING ENGLISH,job_hunting,面试 经验,2026-02-28T21:16:17.429986+00:00
UCDLvbp2zoQbHSASRLLJ8dTw,学尚教育LearningUp,job_hunting,面试 经验,2026-02-28T21:16:17.429986+00:00
UCWihNcAEGCTUsw06u-HFEHA,1111人力銀行,job_hunting,面试 经验,2026-02-28T21:16:17.429986+00:00
UCLYmJ2Wg85pyqkLPMQnnwww,IT అబ్బాయి,job_hunting,面试 经验,2026-02-28T21:16:17.429986+00:00
UCGnwMQLcCsDQzGh_vufQBtw,Data Architect Studio,job_hunting,面试 经验,2026-02-28T21:16:17.429986+00:00
UCitH_4O05W6r5P-L0DEkVaw,ZERO ONE 01,job_hunting,面试 经验,2026-02-28T21:16:17.429986+00:00
UCN15jH4WGAHjTm9iiCYzMOQ,Hello fufu,job_hunting,面试 经验,2026-02-28T21:16:17.429986+00:00
UCgulBPxrHQsxBlLmm3e9Vgw,Malaysian Students Association in Shanghai,job_hunting,面试 经验,2026-02-28T21:16:17.429986+00:00
UCAuUUnT6oDeKwE6v1NGQxug,TED,job_hunting,面试 经验,2026-02-28T21:16:17.429986+00:00
UCwvntSIlWk39gKN75ilEIWw,Shachi Mall,job_hunting,面试 经验,2026-02-28T21:16:17.429986+00:00
UCGetiqFX7l-8unkK1LyrG3A,AdviceWithErin,job_hunting,面试 经验,2026-02-28T21:16:17.429986+00:00
UCSzWT_s7UFLdQbxqiuuCBgg,Xin Lyn 昕霖,job_hunting,面试 经验,2026-02-28T21:16:17.429986+00:00
UCYqtGv-Cd3TAo777ItOSDQg,Jagrati this side,job_hunting,面试 经验,2026-02-28T21:16:17.429986+00:00
UC3oPLSUxraFFbHu3GumlyWg,FanfaniShare学英语,job_hunting,面试 经验,2026-02-28T21:16:17.429986+00:00
UCwE1bQvG6ugcRkLO5PFzJZg,Versatile Mahesh,job_hunting,面试 经验,2026-02-28T21:16:17.429986+00:00
UC7YqPsj2ejH6ref5V5aN3og,直通硅谷,job_hunting,面试 经验,2026-02-28T21:16:17.429986+00:00
UCa8NLpvi70mHVsW4J_x9OeQ,Data Application Lab,job_hunting,面试 经验,2026-02-28T21:16:17.429986+00:00
UCTtrUoVyVtBMFgfU9PouY6w,Jen knows 榛知,job_hunting,面试 经验,2026-02-28T21:16:17.429986+00:00
UC0fWkYCwiqPclxRKLM_MRsA,Anastasiia Arora,job_hunting,面试 经验,2026-02-28T21:16:17.429986+00:00
UClt4oYsJnjgOThbslZp3G6w,心理話 簡單說,job_hunting,面试 经验,2026-02-28T21:16:17.429986+00:00
UC7Buio2aPjRH5HHnIrR1Kpw,Lemon Coders,job_hunting,面试 经验,2026-02-28T21:16:17.429986+00:00
UCTZNkAMzDJz6v0elPkbq_3A,美加留学“怪谈”,job_hunting,面试 经验,2026-02-28T21:16:17.429986+00:00
UCkRRJJuh1gSzVT-DHCTxV4A,Sharmilan Vipokan,job_hunting,面试 经验,2026-02-28T21:16:17.429986+00:00
UCbv05Pps1oV_bpHBRNiavHA,Fanny在德国,job_hunting,面试 经验,2026-02-28T21:16:17.429986+00:00
UCiwAq-gMzcZDler4J_akA_Q,朱英楠David,job_hunting,面试 经验,2026-02-28T21:16:17.429986+00:00
UCl6aTZq4Cmd2cP1UNhEFBnQ,Lady LeidiG (LadyLeidiG),job_hunting,面试 经验,2026-02-28T21:16:17.429986+00:00
UCq4au0A7Ix34_PtXvUftH9Q,神神颠颠之婧婧宜,job_hunting,面试 经验,2026-02-28T21:16:17.429986+00:00
UCXT1lD9WEUAEO4KNSZFVniw,01job,job_hunting,面试 经验,2026-02-28T21:16:17.429986+00:00
UC5wz6xsFXdpqkopDsWADFPw,考而思教育,job_hunting,面试 经验,2026-02-28T21:16:17.429986+00:00
UCeeTPGAM-JVhKXiS1KjqvvQ,BBCo,job_hunting,面试 经验,2026-02-28T21:16:17.429986+00:00
UCuwc7PvKvKo_iact7wH93sg,Austin Education,job_hunting,面试 经验,2026-02-28T21:16:17.429986+00:00
UCpVv3mmbw4BmvbFLLfUu6eg,函,job_hunting,面试 经验,2026-02-28T21:16:17.429986+00:00
UCQ4CmL0YnFn9j6JMjmSbyzw,澳洲助推学院 澳洲新西兰IT工作内推,job_hunting,面试 经验,2026-02-28T21:16:17.429986+00:00
UCM_E0BujIolOBXVMWj4wA3A,民視佮你講,job_hunting,面试 经验,2026-02-28T21:16:17.429986+00:00
UCG2VTUUT3OWEYcAEi3ELamA,职挂云帆 Career Voyager,job_hunting,面试 经验,2026-02-28T21:16:17.429986+00:00
UCwjGhvE66Lyu4OydPPtbNjQ,Techpodofficiall,job_hunting,面试 经验,2026-02-28T21:16:17.429986+00:00
UCAvntNXsLs7h00FVOuNfxQg,Lizzie Li,job_hunting,面试 经验,2026-02-28T21:16:17.429986+00:00
UCUUcX8Aqw-nDzjNdBK_9DIw,ShinYi Chou,job_hunting,面试 经验,2026-02-28T21:16:17.429986+00:00
UCkkg0jqwmn5F73bvPFOmUJg,Declassified MBA,job_hunting,面试 经验,2026-02-28T21:16:17.429986+00:00
UCS3nuaXXw7nsiSzdJ5HJaoQ,民視讚夯 Formosa TV Thumbs Up,job_hunting,面试 经验,2026-02-28T21:16:17.429986+00:00
UCbxBFbkrl9FNHuWLF4Cs71g,六个女生的探店vlog,food,探店 评测,2026-02-28T21:16:17.429986+00:00
UC6fvBLM5ntljUOYOjiGM2BA,特厨隋坡 (重新出发版),food,探店 评测,2026-02-28T21:16:17.429986+00:00
UCT6k1jUhPL_d9GnCGNegi8A,阿星探店Chinese Food Tour,food,探店 评测,2026-02-28T21:16:17.429986+00:00
UCvaqpXOcPE6Kvvn6x-D2jYQ,餐饮研究员王刚,food,探店 评测,2026-02-28T21:16:17.429986+00:00
UC5IZoMHDRHV9j7MYMGNO_Ug,品城記,food,探店 评测,2026-02-28T21:16:17.429986+00:00
UCR2LHLiQmL_zEJnlCiyyxAA,索菲亚一斤半Sophia1.5,food,探店 评测,2026-02-28T21:16:17.429986+00:00
UC5OlbDImgXAJTidd8nyelBQ,孫榮Kai Son,food,探店 评测,2026-02-28T21:16:17.429986+00:00
UCxxopAWQFsu-SkofLcoXUqA,是真的月饼,food,探店 评测,2026-02-28T21:16:17.429986+00:00
UC8y1VGUlYjFOWVfFYIQvd1Q,是个泡泡,food,探店 评测,2026-02-28T21:16:17.429986+00:00
UC3JlEHCbbs5jdsXOWcSomCQ,阿聪皓皓,food,探店 评测,2026-02-28T21:16:17.429986+00:00
UCH7mW0_WXTMTysMdnhhXPKg,朴朴甜食记,food,探店 评测,2026-02-28T21:16:17.429986+00:00
UCh4tfiE2rJSLev7i8iS7kfA,小帅探店,food,探店 评测,2026-02-28T21:16:17.429986+00:00
UCa1tvqVpjkLDHuaPU5hEw8A,哇塞幾張,food,探店 评测,2026-02-28T21:16:17.429986+00:00
UCZd4BcnCEHzfrWoMKRaxPTQ,特廚隋卞,food,探店 评测,2026-02-28T21:16:17.429986+00:00
UCgBBlO5M7DjsejTBH_uJcmQ,Jasmine Zhang,food,探店 评测,2026-02-28T21:16:17.429986+00:00
UCrlhQaeIMFwirCHLAOo6QpA,-大安安,food,探店 评测,2026-02-28T21:16:17.429986+00:00
UCcI75_psmQ-dQraeEeOPWtA,美食评测,food,探店 评测,2026-02-28T21:16:17.429986+00:00
UC0yFC1iaXGM4ixYU6l4JlBA,恶搞一切,food,探店 评测,2026-02-28T21:16:17.429986+00:00
UCwQzhR19KrLWq1Lo6lFTfEw,SoVanSoHot,food,探店 评测,2026-02-28T21:16:17.429986+00:00
UCrANlilawSg-hEhAP5uaeCw,波儿Shanghai Food Authenticator,food,探店 评测,2026-02-28T21:16:17.429986+00:00
UCwvBLY8z9ry_hfGGZu1_bTg,Y的鲤鱼精探店,food,探店 评测,2026-02-28T21:16:17.429986+00:00
UCWi700VrrdHuFbh0WLYm0DA,小犬Reatz生活日記,food,探店 评测,2026-02-28T21:16:17.429986+00:00
UC6c4diMUrlFk7p-FcEuoTdA,바카라돌아온잇뽕011,food,探店 评测,2026-02-28T21:16:17.429986+00:00
UCm9Ts9tsjcQIZD1Q49xdqjw,大xing弟的试衣镜,food,探店 评测,2026-02-28T21:16:17.429986+00:00
UCfjqMfr5mq1xfQcKRlvUhUg,圆脸小乖,food,探店 评测,2026-02-28T21:16:17.429986+00:00
UCeBblCVrW4Rq9wDhsjOhhjA,哇塞几张 ,food,探店 评测,2026-02-28T21:16:17.429986+00:00
UCuQpJWlSQtO9g2YJNjd48RQ,小唐的宝库,food,探店 评测,2026-02-28T21:16:17.429986+00:00
UCTMJN2NBCf5aQKwXNzCvpBg,优兔哥,food,探店 评测,2026-02-28T21:16:17.429986+00:00
UCSnJY8Yd9EAFMaZUwCZntsw,Nannxxx-,food,探店 评测,2026-02-28T21:16:17.429986+00:00
UCpFm8YOiPJneUeZnSz-oMPw,天天都有新鮮事,food,探店 评测,2026-02-28T21:16:17.429986+00:00
UCjNsO-s5PdgUWvwYKX9tZcA,一个肥脸,food,探店 评测,2026-02-28T21:16:17.429986+00:00
UCe1CjpW9oEwptHty7VVYpzw,-大安安,food,探店 评测,2026-02-28T21:16:17.429986+00:00
UCtv1kOY3MEuk4T32mXG2kkg,下饭计划,food,探店 评测,2026-02-28T21:16:17.429986+00:00
UCPUaep9Frb5-NGoQpPNJE6w,gdxx121XXX,food,探店 评测,2026-02-28T21:16:17.429986+00:00
UCZCvtlqRFrJ8LPfvWkO0V3A,小姐姐刘一口,food,探店 评测,2026-02-28T21:16:17.429986+00:00
UC-5Lj4DjkIOv1ZGBvSIAOYg,hello! 棕榈君,food,探店 评测,2026-02-28T21:16:17.429986+00:00
UCP6huxPfaFjl_kM_B9Pk8yg,HappyKidsMeal,food,探店 评测,2026-02-28T21:16:17.429986+00:00
UC6QBkNglJXMMGkL1hgq9w2Q,Photoshop cc crack,food,探店 评测,2026-02-28T21:16:17.429986+00:00
UCJw6iEl77dVk6jK9lUi1MnA,好乐游日本,food,探店 评测,2026-02-28T21:16:17.429986+00:00
UCMaI_KwWr7Siu9T-Z_x_bkw,笑笑打卡LetsGo,food,探店 评测,2026-02-28T21:16:17.429986+00:00
UCYqAuueR-O1Kl-YPkvl9GPg,小王子聊澳洲,food,探店 评测,2026-02-28T21:16:17.429986+00:00
UCcuaHRhMC-lixss0JDNAtpQ,在路上的日常,food,探店 评测,2026-02-28T21:16:17.429986+00:00
UCW5fkLkQO6vXEz5ABZLHwCg,香喷喷的小烤鸡,food,探店 评测,2026-02-28T21:16:17.429986+00:00
UC8V-XV_qKcPB6Qango0iVbQ,了不起的阿然 Food Review,food,探店 评测,2026-02-28T21:16:17.429986+00:00
UCsEA1uSNx6dDt9Il7ZjY7RQ,Film strikes,food,探店 评测,2026-02-28T21:16:17.429986+00:00
UCWwWbSH5IKJufXhVJmsVbsw,觅食小野猪Meet Food,food,探店 评测,2026-02-28T21:16:17.429986+00:00
UCOKgqQjmztCHwhvyPN0c4NQ,方方FANTASIA,food,探店 评测,2026-02-28T21:16:17.429986+00:00
UCPUCa2VKhY0YfiYA4X1sbuw,温村喵的喵 Vanfoodies,food,探店 评测,2026-02-28T21:16:17.429986+00:00
UCVgP1p8dKwRpOb6zTaSK2uw,这是十九_NT,food,探店 评测,2026-02-28T21:16:17.429986+00:00
UCnibfVjA8c5ixdgfobbIt7A,巴黎好好玩,food,探店 评测,2026-02-28T21:16:17.429986+00:00
UCzvLdMkF4PAQwEhLQotaZPg,胖胖的可爱,food,探店 评测,2026-02-28T21:16:17.429986+00:00
UCbCS9CCQVWiU1dsKleD3xaw,一扎贝拉,food,探店 评测,2026-02-28T21:16:17.429986+00:00
UC9TuoWIq43NdqyuylAod-6w,爱吃面包的花花,food,探店 评测,2026-02-28T21:16:17.429986+00:00
UCxOovSkrYZPyVisRfCYDmUg,有车CLUB,food,探店 评测,2026-02-28T21:16:17.429986+00:00
UChTCpdDIleSUvjJ3nWuo0dA,China Discover : 月亮之都 魅力宜春,food,海外 中餐,2026-02-28T21:16:17.429986+00:00
UCtRechBWGLeEF3NEU4BoIbA,焱史纪,food,海外 中餐,2026-02-28T21:16:17.429986+00:00
UCVyaHhwz3Idx8pfR1RVtEgA,China Cradle 山西:华夏文明的摇篮,food,海外 中餐,2026-02-28T21:16:17.429986+00:00
UCm7VBksJUcO2n--a6AOhypQ,烹饪大师名厨俱乐部,food,海外 中餐,2026-02-28T21:16:17.429986+00:00
UCJV0WjTzyttjYtQLnaujL_g,iris,food,海外 中餐,2026-02-28T21:16:17.429986+00:00
UCy10DeIGiWqWgkqWHoxWlrw, 纳豆奶奶,food,海外 中餐,2026-02-28T21:16:17.429986+00:00
UCBWwcSmT2c_Ny6DkA0aBeYA,李砍柴,food,海外 中餐,2026-02-28T21:16:17.429986+00:00
UCd_ylTR8SFYnOJWMQyJ8QxQ,老外克里斯30号7点幽幽益生菌,food,海外 中餐,2026-02-28T21:16:17.429986+00:00
UC3yOMFdjhTzsqFqhHRaLsbg,海外中餐视频[周记美食],food,海外 中餐,2026-02-28T21:16:17.429986+00:00
UCY5O8QS7Falu0X1LmU28tlg,德国派 - German Pie,food,海外 中餐,2026-02-28T21:16:17.429986+00:00
UChk2aUKdYQm7D14jdTx6AoQ,Yong Wei,food,海外 中餐,2026-02-28T21:16:17.429986+00:00
UCSUUJtvmNiiJknWVcXRLWqQ,奥地利的小胡 Who's'HU,food,海外 中餐,2026-02-28T21:16:17.429986+00:00
UCf1jld8ZMcdZ5hwahEFIXFA,晨风Digest,food,海外 中餐,2026-02-28T21:16:17.429986+00:00
UCXOzdAYY217MI8c8EUxw-Ww,新西兰生活Vlog,food,海外 中餐,2026-02-28T21:16:17.429986+00:00
UC9WhbsHnPOHWcHfJy4ns8kA,米拉家20号德国🇩🇪百年圣诞巧克力 ,food,海外 中餐,2026-02-28T21:16:17.429986+00:00
UCr3DXvSKc_T973ynnFvO31A,shiwen he,food,海外 中餐,2026-02-28T21:16:17.429986+00:00
UCQ6gaaj4iVdwh_6SWzNtVlQ,Mr.曹,food,海外 中餐,2026-02-28T21:16:17.429986+00:00
UCdm_eox75xMlYSsPkh0rQeg,Friends who play together666,food,海外 中餐,2026-02-28T21:16:17.429986+00:00
UCz4hQ7KzWpSXUJD4RR_HtoQ,Mymy in China,food,海外 中餐,2026-02-28T21:16:17.429986+00:00
UCBqQfnciQOSDaU3bAO6pctw,紀更,food,海外 中餐,2026-02-28T21:16:17.429986+00:00
UC16cT6xnCNYrvjFRIm9M8KA,小愛和賈老師,food,海外 中餐,2026-02-28T21:16:17.429986+00:00
UCbBlOScET-le0wu9XGJFzcQ,Yooupi食途,food,海外 中餐,2026-02-28T21:16:17.429986+00:00
UCLlfBZ1kKPdYr-y_THlDpmg,新艺海外,food,海外 中餐,2026-02-28T21:16:17.429986+00:00
UCyyXrokB3Yf6wDKxc3qPcrg,小猫宇宙,food,海外 中餐,2026-02-28T21:16:17.429986+00:00
UCwzVIJ8X6atfYp63Flqd0Pg,张司令谈天说地!,food,海外 中餐,2026-02-28T21:16:17.429986+00:00
UCKfoZsBdj_KDlI5tQuuJVEw,夜洛大人,food,海外 中餐,2026-02-28T21:16:17.429986+00:00
UC97ZO4GpKHMZyOlSLKDZRDw,Mr. Hu and Little Potato,food,海外 中餐,2026-02-28T21:16:17.429986+00:00
UCGBSoGPIdHikF-wTiUSYuWg,Baker和老王,food,海外 中餐,2026-02-28T21:16:17.429986+00:00
UCU-uIVm8m0HGU1o20DR_-xQ,澳洲那点事,food,海外 中餐,2026-02-28T21:16:17.429986+00:00
UC5PRR_J9yjwQRsC2X-b6nPA,英国宝哥,food,海外 中餐,2026-02-28T21:16:17.429986+00:00
UCtJDMfn9HoNvw11_8GN9Q2g,康哥voyage,food,海外 中餐,2026-02-28T21:16:17.429986+00:00
UCgHhoC19DBZn8irCw26fhog,娜娜一家在韩国,food,海外 中餐,2026-02-28T21:16:17.429986+00:00
UCRiePGKyWoRgnAGFxbls48Q,Tran Le,food,海外 中餐,2026-02-28T21:16:17.429986+00:00
UCD6qmpLXYfypfUkEMxMv-fw,北欧薇子,food,海外 中餐,2026-02-28T21:16:17.429986+00:00
UCB-0ev4SiIjXuCCyb4R_DxA,Around The World 環遊世界張向東走遍美國,food,海外 中餐,2026-02-28T21:16:17.429986+00:00
UCzqwV0PjKcjag5aVRTB2jFQ,Enjoy Life NW,food,海外 中餐,2026-02-28T21:16:17.429986+00:00
UC9KgvTNGdmJMOyvrx3m7GnQ,厨房大佬中餐酱料工厂,food,海外 中餐,2026-02-28T21:16:17.429986+00:00
UCV4Tp9PYsP0U2G2OtRqwzaw,kingwell仟味泰国餐饮供应链,food,海外 中餐,2026-02-28T21:16:17.429986+00:00
UCG80W0DwPiqnqWT07TtTb4w,@丹珠多吉Danzhu Dorje,food,海外 中餐,2026-02-28T21:16:17.429986+00:00
UCHyWqky4S547xr9kDgRJq2A,莎莎旅行记,food,海外 中餐,2026-02-28T21:16:17.429986+00:00
UCODShQjdaeCdlfKShfY7e7g,Jomacooking,food,海外 中餐,2026-02-28T21:16:17.429986+00:00
UC90UhlzpdN7fF8TKYLvkBAw,HungryPanda ADS,food,海外 中餐,2026-02-28T21:16:17.429986+00:00
UCuxPS71sqbmBlVtHgUGlnGA,中国媳妇夏安辣,food,海外 中餐,2026-02-28T21:16:17.429986+00:00
UCuwu_cuamQvjQfyQzzsmKuQ,Easy Chinese Food,food,海外 中餐,2026-02-28T21:16:17.429986+00:00
UCsdtA6DIoOh4Y3wmZ9MDMIA,CACTV加拿大中央電視台,food,海外 中餐,2026-02-28T21:16:17.429986+00:00
UChAyIEnTgrVvaADt8_spm4Q,Dollar | 朵拉姐,food,海外 中餐,2026-02-28T21:16:17.429986+00:00
UCh7N_BeMink-2BbBBCs-QLw,英国侨报新闻 - UK Chinese Journal News,food,海外 中餐,2026-02-28T21:16:17.429986+00:00
UCS2NblYPXRrL5w_BZ8RML-g,豆苗家在德国,food,海外 中餐,2026-02-28T21:16:17.429986+00:00
UCFBXB22RFCspGrF0k60kkPQ,何齐Peter,food,海外 中餐,2026-02-28T21:16:17.429986+00:00
UCI2MsRexrEnS5zJVmejBmCg,悠然在美国,food,海外 中餐,2026-02-28T21:16:17.429986+00:00
UC_CEASaXL-D8AUJMnO4xG3Q,王大丽的生活 Dali Wang,food,海外 中餐,2026-02-28T21:16:17.429986+00:00
UCFFEfv6xBJMahcJmbNeGPZQ,chefeon长膳,food,海外 中餐,2026-02-28T21:16:17.429986+00:00
UCVm3pZ3BSsTG_MCNQf43mbQ,我叫胖大猩,food,海外 中餐,2026-02-28T21:16:17.429986+00:00
UC55fc_H_DctFTzTLtcdEWIQ,土耳其赵哥,food,海外 中餐,2026-02-28T21:16:17.429986+00:00
UC7x-0_G79wa9W1k7jPUbAkg,北京人闯世界,food,海外 中餐,2026-02-28T21:16:17.429986+00:00
UCGz_Tm1dFJ5XV9LUKh1pb2Q,金融致富,food,海外 中餐,2026-02-28T21:16:17.429986+00:00
UCIq4BgbGq7bVY8o4Dvdsn1Q, 长空姐姐在南美洲智利,food,海外 中餐,2026-02-28T21:16:17.429986+00:00
UCVeQbK0CsQVJ8ZORqXxx7bg,"财叔NICK-成都的拽哥觅食记：一生就为一口吃Live to eat,cook to perfect",food,海外 中餐,2026-02-28T21:16:17.429986+00:00
UCZQRdVZZjY1e4hrRz3XM2iQ,Yuan和德国光头,food,海外 中餐,2026-02-28T21:16:17.429986+00:00
UCNr_3vUaKI5FpjqNMTV4LHA,吃肉情侣YURI,food,海外 中餐,2026-02-28T21:16:17.429986+00:00
UCGS6a-AEQDNuHccBA0N2nwA,西班牙熙游记,food,海外 中餐,2026-02-28T21:16:17.429986+00:00
UCfz8l4q5RlOpgJJmZA7Dktw,生活在韩的江西老表,food,海外 中餐,2026-02-28T21:16:17.429986+00:00
UCidE5TRTj2CzPqSk7DwLzRQ,一只小d哟,food,海外 中餐,2026-02-28T21:16:17.429986+00:00
UCBtRFX_wtHk8Ylk5hy2kbLw,长空姐姐在南美洲智利,food,海外 中餐,2026-02-28T21:16:17.429986+00:00
UCZviM1pTPjYjp4CFnBacblw,Sky Link TV 天下衛視官方頻道,food,海外 中餐,2026-02-28T21:16:17.429986+00:00
UCp2f7tGJGN6R9Muxipem8Nw,寰宇新聞 頻道,news_current,国际新闻,2026-02-28T21:16:17.429986+00:00
UChbwE3bGmhIMRWDkLubi-WQ,Channel33新西兰中文电视台,news_current,国际新闻,2026-02-28T21:16:17.429986+00:00
UCcbjV9pxJa5y7pTINthXyrw,Focus全球新聞 Focus Global News,news_current,国际新闻,2026-02-28T21:16:17.429986+00:00
UC_ifDTtFAcsj-wJ5JfM27CQ,無綫新聞 TVB NEWS Official,news_current,国际新闻,2026-02-28T21:16:17.429986+00:00
UC30KnUIy5oIj325JwiBTqxw,SinoVision 美国中文电视,news_current,国际新闻,2026-02-28T21:16:17.429986+00:00
UCdbvc-yJ4JQjNGTgFiJIZNA,新唐人電視台,news_current,国际新闻,2026-02-28T21:16:17.429986+00:00
UCmgDmqjxbkqIXu4rNbrKodA,TVBS 優選頻道- T觀點,news_current,国际新闻,2026-02-28T21:16:17.429986+00:00
UChirEOpgFCupRAk5etXqPaA,Bloomberg News,news_current,国际新闻,2026-02-28T21:16:17.429986+00:00
UC4K_LI-Tn3-LshNgG0-YypQ,LIVE NOW,news_current,国际新闻,2026-02-28T21:16:17.429986+00:00
UCQfwfsi5VrQ8yKZ-UWmAEFg,FRANCE 24 English,news_current,国际新闻,2026-02-28T21:16:17.429986+00:00
UCKstDTDGOjfj8-_HQ3DO_rg,SMARTnews中文台,news_current,国际新闻,2026-02-28T21:16:17.429986+00:00
UC6ebRQXZfOLrKALxwUh84Sg,TVBS 文茜的世界周報 TVBS Sisy's World News,news_current,国际新闻,2026-02-28T21:16:17.429986+00:00
UCB0j5suIkQCphmFrYZ0vcRw,传奇之旅,news_current,国际新闻,2026-02-28T21:16:17.429986+00:00
UCjIdksw3HJ_0xDUzsseq7KQ,W24NEWS,news_current,国际新闻,2026-02-28T21:16:17.429986+00:00
UCr_F4Y9iboUKlg_ZPm4jkVQ,老梁,news_current,新闻 解读,2026-02-28T21:16:17.429986+00:00
UCGsT-CwBnWCWW4UWe3QnOvg,英语这样用LEC,news_current,新闻 解读,2026-02-28T21:16:17.429986+00:00
UCbFbxUFtl7Xx_4vEcuTRFhg,dangchengka5401,news_current,新闻 解读,2026-02-28T21:16:17.429986+00:00
UC3C919BI3dyDCgQHQVXY6Vg,New Realm Studios,news_current,新闻 解读,2026-02-28T21:16:17.429986+00:00
UC6xKvXKdFxPYjZGc5idYycA,明镜新闻台,news_current,新闻 解读,2026-02-28T21:16:17.429986+00:00
UCbHCsXCqUvWy41z5PLVSQ3A,新西兰金融狗,news_current,新闻 解读,2026-02-28T21:16:17.429986+00:00
UCnAsZ46UTeFEgwOEwMezngQ,CCTV中文,news_current,新闻 解读,2026-02-28T21:16:17.429986+00:00
UCjy6jj6eoZ-YxpRXLNpBMAg,《新聞聯播》EVERYDAY,news_current,新闻 解读,2026-02-28T21:16:17.429986+00:00
UCNrJVgf4j79BuebeMU_0q6Q,东方龙崛起,news_current,新闻 解读,2026-02-28T21:16:17.429986+00:00
UC83_OQeEhmLZYsvJ7aTG3Bg,新聞最嘲點 Mr.姜光宇,news_current,新闻 解读,2026-02-28T21:16:17.429986+00:00
UCi3qh4pZbQ5E-eA8vfY9MWg,GCN,news_current,新闻 解读,2026-02-28T21:16:17.429986+00:00
UCGvX57qDwSRj_EzZuOOWo5g,肉肉的财经新闻解析,news_current,新闻 解读,2026-02-28T21:16:17.429986+00:00
UCW862SwgCQ5tnF4O4MYkpsA,Red News,news_current,新闻 解读,2026-02-28T21:16:17.429986+00:00
UCut6XSmeriS5walb79oJBPg,上海尤老师,news_current,新闻 解读,2026-02-28T21:16:17.429986+00:00
UCWYQJHOEwTvmmpo7d3iwUQw,新闻来了 News Daily,news_current,新闻 解读,2026-02-28T21:16:17.429986+00:00
UCPOdZVHyFUCS1_P1GggqMtA,张晓辉,news_current,新闻 解读,2026-02-28T21:16:17.429986+00:00
UCpbfXQsYBJTwq5lCkwGIeuQ,中国新闻社,news_current,新闻 解读,2026-02-28T21:16:17.429986+00:00
UCsdtA6DIoOh4Y3wmZ9MDMIA,CACTV加拿大中央電視台,news_current,新闻 解读,2026-02-28T21:16:17.429986+00:00
UCsZNAKMlWSY-HQIR2-GKfpA,从故事到成片,news_current,新闻 解读,2026-02-28T21:16:17.429986+00:00
UCG4kGP4ETdKzseQshMCCBKg,东方卫视环球交叉点,news_current,新闻 解读,2026-02-28T21:16:17.429986+00:00
UCt5zpwa264A0B-gaYtv1IpA,美国之音中文网,news_current,新闻 解读,2026-02-28T21:16:17.429986+00:00
UCozgCIN2ZDAId3nHUJBMAEQ,深水时光,news_current,新闻 解读,2026-02-28T21:16:17.429986+00:00
UCyNOcekemnlmKG84TWbMvlQ,TIME大時代,news_current,新闻 解读,2026-02-28T21:16:17.429986+00:00
UC6zxpbqjwP5F3fwq__X-AIw,NTDCHINESDL1,news_current,新闻 解读,2026-02-28T21:16:17.429986+00:00
UCS0Mb9H4FCkfcM-fsikx8sw,平行與穿越EX,news_current,新闻 解读,2026-02-28T21:16:17.429986+00:00
UCxGt9wavthhRRaQNQ6uApnw,quankaokou779,news_current,新闻 解读,2026-02-28T21:16:17.429986+00:00
